source,target,weight,source_type,target_type
4981,2326,21.72783752667306,Nematocyte-related,Epidermal/Muscle-related
4981,577,21.023825943783095,Nematocyte-related,Epidermal/Muscle-related
4981,6608,20.23348259359013,Nematocyte-related,Epidermal/Muscle-related
4981,5460,-20.148922361686573,Nematocyte-related,Nematocyte-related
4821,577,-19.826139567334337,Epidermal/Muscle-related,Epidermal/Muscle-related
4855,4727,-19.68152942703315,Nematocyte-related,Nematocyte-related
4981,2090,19.428389020313183,Nematocyte-related,Nematocyte-related
4821,1504,19.42805271761334,Epidermal/Muscle-related,Epidermal/Muscle-related
4821,5749,-19.33803920314085,Epidermal/Muscle-related,Epidermal/Muscle-related
4981,3096,-19.24039438285924,Nematocyte-related,Epidermal/Muscle-related
4981,3048,-19.14508919388857,Nematocyte-related,Epidermal/Muscle-related
4981,4334,19.0913258678761,Nematocyte-related,Nematocyte-related
4771,2309,18.86129705223389,Nematocyte-related,Epidermal/Muscle-related
4981,1172,18.845160302994408,Nematocyte-related,Nematocyte-related
4855,3289,18.754566574640275,Nematocyte-related,Neural-related
4925,1013,-18.498960011550658,Epidermal/Muscle-related,Nematocyte-related
4771,3048,18.444006630166037,Nematocyte-related,Epidermal/Muscle-related
4771,5460,18.379149200782148,Nematocyte-related,Nematocyte-related
4981,2309,-18.324793809473782,Nematocyte-related,Epidermal/Muscle-related
4855,5460,18.28759817729206,Nematocyte-related,Nematocyte-related
4855,3048,18.23886925757553,Nematocyte-related,Epidermal/Muscle-related
4771,3096,18.178688766374126,Nematocyte-related,Epidermal/Muscle-related
4855,6608,-17.86668948292888,Nematocyte-related,Epidermal/Muscle-related
4771,577,-17.832667331306336,Nematocyte-related,Epidermal/Muscle-related
4771,846,17.82011341133908,Nematocyte-related,Nematocyte-related
4981,796,17.507347967691082,Nematocyte-related,Epidermal/Muscle-related
4981,693,17.47832974559119,Nematocyte-related,Epidermal/Muscle-related
4981,5847,17.445424443968808,Nematocyte-related,Nematocyte-related
4981,6411,17.43373570898064,Nematocyte-related,Nematocyte-related
4981,2035,17.426593019895286,Nematocyte-related,Epidermal/Muscle-related
4981,4675,17.391421053643267,Nematocyte-related,Epidermal/Muscle-related
4771,4727,-17.330754996895106,Nematocyte-related,Nematocyte-related
4771,3289,17.33048898429428,Nematocyte-related,Neural-related
4981,6259,17.211622843565834,Nematocyte-related,Neural-related
4821,357,-17.201577926131662,Epidermal/Muscle-related,Neural-related
4821,4675,-17.190959108384444,Epidermal/Muscle-related,Epidermal/Muscle-related
4855,846,17.104084311535257,Nematocyte-related,Nematocyte-related
4968,846,-16.99845964126407,Nematocyte-related,Nematocyte-related
4855,3096,16.965383560056292,Nematocyte-related,Epidermal/Muscle-related
4981,846,-16.95155865790533,Nematocyte-related,Nematocyte-related
4855,2309,16.884878093873674,Nematocyte-related,Epidermal/Muscle-related
4855,3157,16.855932698330438,Nematocyte-related,Epidermal/Muscle-related
4771,6608,-16.849823830892795,Nematocyte-related,Epidermal/Muscle-related
4981,3471,-16.802434709894136,Nematocyte-related,Neural-related
4981,918,16.79042855082239,Nematocyte-related,Epidermal/Muscle-related
4855,3815,-16.69495107226475,Nematocyte-related,Nematocyte-related
4855,693,-16.648971779828777,Nematocyte-related,Epidermal/Muscle-related
4981,5597,16.621133963599846,Nematocyte-related,Nematocyte-related
4981,1856,16.60372559991121,Nematocyte-related,Nematocyte-related
4821,3006,-16.558013530297696,Epidermal/Muscle-related,Epidermal/Muscle-related
4785,5624,16.548940331886612,Neural-related,Epidermal/Muscle-related
4855,7050,16.542405697419486,Nematocyte-related,Epidermal/Muscle-related
4821,812,16.536327444226128,Epidermal/Muscle-related,Nematocyte-related
4855,1862,-16.507896181741845,Nematocyte-related,Epidermal/Muscle-related
4855,4048,-16.5074283246533,Nematocyte-related,Neural-related
4771,4334,-16.389429574377438,Nematocyte-related,Nematocyte-related
4821,1172,-16.386147448624346,Epidermal/Muscle-related,Nematocyte-related
4821,6259,-16.351563028084872,Epidermal/Muscle-related,Neural-related
4981,2686,16.3431581711975,Nematocyte-related,Epidermal/Muscle-related
4855,6017,16.321641847041725,Nematocyte-related,Epidermal/Muscle-related
4925,577,-16.308370600449575,Epidermal/Muscle-related,Epidermal/Muscle-related
4771,3157,16.3037738727312,Nematocyte-related,Epidermal/Muscle-related
4855,5139,16.27259943277506,Nematocyte-related,Nematocyte-related
4821,2326,-16.229703649334702,Epidermal/Muscle-related,Epidermal/Muscle-related
4855,577,-16.224731220265966,Nematocyte-related,Epidermal/Muscle-related
4981,6514,16.21597579290336,Nematocyte-related,Epidermal/Muscle-related
4821,5460,16.20697115436922,Epidermal/Muscle-related,Nematocyte-related
4771,2326,-16.181975586102453,Nematocyte-related,Epidermal/Muscle-related
4821,2194,-16.10679224227136,Epidermal/Muscle-related,Epidermal/Muscle-related
4855,3288,16.095161272139727,Nematocyte-related,Neural-related
4771,6078,16.01992172933058,Nematocyte-related,Epidermal/Muscle-related
4760,2309,-16.000477245231966,Neural-related,Epidermal/Muscle-related
4889,3289,15.9922377702037,Nematocyte-related,Neural-related
4901,2309,15.891396594988864,Nematocyte-related,Epidermal/Muscle-related
4821,2188,-15.883023603582988,Epidermal/Muscle-related,Epidermal/Muscle-related
4821,298,-15.882542294041828,Epidermal/Muscle-related,Neural-related
4882,3289,-15.869794177151233,Nematocyte-related,Neural-related
4981,940,15.846062699869481,Nematocyte-related,Epidermal/Muscle-related
4925,2326,-15.836823337083267,Epidermal/Muscle-related,Epidermal/Muscle-related
4981,1525,15.829325562546162,Nematocyte-related,Epidermal/Muscle-related
4771,2090,-15.817354257433735,Nematocyte-related,Nematocyte-related
4981,5749,15.797788617854849,Nematocyte-related,Epidermal/Muscle-related
4771,6360,15.795827724410692,Nematocyte-related,Nematocyte-related
4771,4229,15.775611049892994,Nematocyte-related,Nematocyte-related
4981,6073,15.771729024637148,Nematocyte-related,Epidermal/Muscle-related
4831,3289,-15.768721174254855,Nematocyte-related,Neural-related
4771,1455,15.75252437075901,Nematocyte-related,Epidermal/Muscle-related
4855,2250,15.743947308117294,Nematocyte-related,Neural-related
4981,328,15.727049015574874,Nematocyte-related,Neural-related
4785,3193,15.715243081054044,Neural-related,Neural-related
4785,5424,15.64877247635853,Neural-related,Nematocyte-related
4771,838,15.63216201231661,Nematocyte-related,Epidermal/Muscle-related
4831,3193,-15.624325242204819,Nematocyte-related,Neural-related
4785,3289,15.616146555641313,Neural-related,Neural-related
4981,6078,-15.585643500253756,Nematocyte-related,Epidermal/Muscle-related
4925,3751,15.569504575510168,Epidermal/Muscle-related,Epidermal/Muscle-related
4855,464,-15.524035583303235,Nematocyte-related,Epidermal/Muscle-related
4771,3193,15.519759527060188,Nematocyte-related,Neural-related
4972,3289,-15.518469678886317,Nematocyte-related,Neural-related
4925,6608,-15.507531701833713,Epidermal/Muscle-related,Epidermal/Muscle-related
4760,3289,-15.506775447188307,Neural-related,Neural-related
4760,838,-15.498129228119069,Neural-related,Epidermal/Muscle-related
4855,1877,15.493966086394147,Nematocyte-related,Nematocyte-related
4855,4229,15.486964146927438,Nematocyte-related,Nematocyte-related
4855,4334,-15.47937349686041,Nematocyte-related,Nematocyte-related
4855,3193,15.468264338467959,Nematocyte-related,Neural-related
4855,1275,15.459172180999719,Nematocyte-related,Epidermal/Muscle-related
4981,5488,15.450338231509265,Nematocyte-related,Neural-related
4771,1877,15.446201249526954,Nematocyte-related,Nematocyte-related
4981,4727,15.445344587453702,Nematocyte-related,Nematocyte-related
4981,7050,-15.437572766482061,Nematocyte-related,Epidermal/Muscle-related
4855,6360,15.431371316445304,Nematocyte-related,Nematocyte-related
4699,812,-15.428797919621735,Epidermal/Muscle-related,Nematocyte-related
4821,3015,-15.415500873186087,Epidermal/Muscle-related,Nematocyte-related
4821,79,-15.410280820834565,Epidermal/Muscle-related,Nematocyte-related
4821,796,-15.39899301814348,Epidermal/Muscle-related,Epidermal/Muscle-related
4855,2918,-15.396752471888071,Nematocyte-related,Nematocyte-related
4855,6514,-15.388007694169476,Nematocyte-related,Epidermal/Muscle-related
4863,3289,-15.380931199186692,Nematocyte-related,Neural-related
4771,2250,15.3476139814482,Nematocyte-related,Neural-related
4760,5624,-15.33199616758633,Neural-related,Epidermal/Muscle-related
4855,6223,15.323457503687814,Nematocyte-related,Epidermal/Muscle-related
4925,7050,15.321581260076572,Epidermal/Muscle-related,Epidermal/Muscle-related
4771,3288,15.30740706733646,Nematocyte-related,Neural-related
4855,796,-15.303694847027383,Nematocyte-related,Epidermal/Muscle-related
4981,3988,15.298566591680977,Nematocyte-related,Epidermal/Muscle-related
4855,981,15.289765760204274,Nematocyte-related,Epidermal/Muscle-related
4925,812,15.276848953348267,Epidermal/Muscle-related,Nematocyte-related
4771,693,-15.27581638854531,Nematocyte-related,Epidermal/Muscle-related
4925,6168,-15.263362996090626,Epidermal/Muscle-related,Nematocyte-related
4981,302,15.25712928908706,Nematocyte-related,Epidermal/Muscle-related
4821,4334,-15.25187342700981,Epidermal/Muscle-related,Nematocyte-related
4981,838,-15.197403266913527,Nematocyte-related,Epidermal/Muscle-related
4771,5563,15.187087354877677,Nematocyte-related,Epidermal/Muscle-related
4771,6223,15.186789067354846,Nematocyte-related,Epidermal/Muscle-related
4855,2090,-15.178625696844511,Nematocyte-related,Nematocyte-related
4981,3751,-15.157999873649276,Nematocyte-related,Epidermal/Muscle-related
4855,6074,15.143699618321854,Nematocyte-related,Epidermal/Muscle-related
4971,2309,-15.13449190908487,Nematocyte-related,Epidermal/Muscle-related
4981,673,15.134028060972117,Nematocyte-related,Epidermal/Muscle-related
4771,6902,-15.09286383415758,Nematocyte-related,Neural-related
4821,6970,-15.082298330257645,Epidermal/Muscle-related,Nematocyte-related
4855,6078,15.076959363713263,Nematocyte-related,Epidermal/Muscle-related
4821,2971,-15.064166022203587,Epidermal/Muscle-related,Nematocyte-related
4821,2068,-15.052405045572284,Epidermal/Muscle-related,Epidermal/Muscle-related
4855,2471,15.048511968694664,Nematocyte-related,Epidermal/Muscle-related
4981,3189,15.031243662449496,Nematocyte-related,Nematocyte-related
4855,1455,15.002579239789084,Nematocyte-related,Epidermal/Muscle-related
4771,2019,14.99842540271508,Nematocyte-related,Nematocyte-related
4821,918,-14.994718193500802,Epidermal/Muscle-related,Epidermal/Muscle-related
4821,5657,14.983227270409657,Epidermal/Muscle-related,Nematocyte-related
4821,2309,14.970219763863577,Epidermal/Muscle-related,Epidermal/Muscle-related
4968,5424,-14.944713767316248,Nematocyte-related,Nematocyte-related
4811,5624,-14.942276405250562,Nematocyte-related,Epidermal/Muscle-related
4831,5624,-14.94208749363877,Nematocyte-related,Epidermal/Muscle-related
4699,357,14.941997619848363,Epidermal/Muscle-related,Neural-related
4855,2326,-14.917476817317857,Nematocyte-related,Epidermal/Muscle-related
4981,1922,-14.88582204790549,Nematocyte-related,Neural-related
4821,2503,-14.880459680016092,Epidermal/Muscle-related,Epidermal/Muscle-related
4771,5359,14.826573526237347,Nematocyte-related,Neural-related
4855,5563,14.82052758528768,Nematocyte-related,Epidermal/Muscle-related
4968,6065,-14.818137753990662,Nematocyte-related,Nematocyte-related
4771,6074,14.811611385626643,Nematocyte-related,Epidermal/Muscle-related
4821,634,14.806183695863819,Epidermal/Muscle-related,Epidermal/Muscle-related
4925,1583,14.803026488535366,Epidermal/Muscle-related,Epidermal/Muscle-related
4855,333,14.794074889111112,Nematocyte-related,Epidermal/Muscle-related
4981,5424,-14.788177088887767,Nematocyte-related,Nematocyte-related
4886,5459,-14.787592954901804,Epidermal/Muscle-related,Neural-related
4990,3193,-14.770580793836174,Nematocyte-related,Neural-related
4771,2824,14.766103019520967,Nematocyte-related,Nematocyte-related
4968,2309,-14.762155884187626,Nematocyte-related,Epidermal/Muscle-related
4760,5424,-14.754429790122968,Neural-related,Nematocyte-related
4990,4006,-14.753236185920525,Nematocyte-related,Neural-related
4771,7050,14.741286555491142,Nematocyte-related,Epidermal/Muscle-related
4821,5836,-14.737192844254583,Epidermal/Muscle-related,Epidermal/Muscle-related
4380,812,14.736923476748766,Nematocyte-related,Nematocyte-related
4771,981,14.734514875902876,Nematocyte-related,Epidermal/Muscle-related
4925,5460,14.72366771629284,Epidermal/Muscle-related,Nematocyte-related
4771,3815,-14.711543944377459,Nematocyte-related,Nematocyte-related
4854,2309,14.699250810965728,Nematocyte-related,Epidermal/Muscle-related
4925,2309,14.696310249618753,Epidermal/Muscle-related,Epidermal/Muscle-related
4981,6360,-14.6950007755202,Nematocyte-related,Nematocyte-related
4821,4466,-14.670012337979545,Epidermal/Muscle-related,Nematocyte-related
4978,3289,-14.669475929110826,Nematocyte-related,Neural-related
4981,1455,-14.666685544198835,Nematocyte-related,Epidermal/Muscle-related
4821,2686,-14.647903534647964,Epidermal/Muscle-related,Epidermal/Muscle-related
4981,2936,14.643167208235816,Nematocyte-related,Epidermal/Muscle-related
4981,4229,-14.641414492725872,Nematocyte-related,Nematocyte-related
4981,6118,-14.631365830644372,Nematocyte-related,Nematocyte-related
4981,5277,14.627761855496924,Nematocyte-related,Neural-related
4925,1956,14.62209884937231,Epidermal/Muscle-related,Nematocyte-related
4855,4034,-14.612393155455802,Nematocyte-related,Nematocyte-related
4925,3048,14.604466387266427,Epidermal/Muscle-related,Epidermal/Muscle-related
4972,4048,14.583484254337924,Nematocyte-related,Neural-related
4821,2102,-14.561603764338063,Epidermal/Muscle-related,Epidermal/Muscle-related
4855,2019,14.554087753904742,Nematocyte-related,Nematocyte-related
4821,3882,-14.539657815983233,Epidermal/Muscle-related,Epidermal/Muscle-related
4901,5424,14.536294908902164,Nematocyte-related,Nematocyte-related
4771,5424,14.527017969643738,Nematocyte-related,Nematocyte-related
4855,3350,14.526549274783504,Nematocyte-related,Neural-related
4821,4018,14.516181802538396,Epidermal/Muscle-related,Epidermal/Muscle-related
4981,931,-14.510012753104093,Nematocyte-related,Epidermal/Muscle-related
4886,3289,-14.487358657531097,Epidermal/Muscle-related,Neural-related
4855,838,14.485101491458291,Nematocyte-related,Epidermal/Muscle-related
4983,5424,-14.48130012164207,Nematocyte-related,Nematocyte-related
4855,6902,-14.476998766023621,Nematocyte-related,Neural-related
4991,577,-14.458484032594964,Neural-related,Epidermal/Muscle-related
4821,940,-14.450523004471618,Epidermal/Muscle-related,Epidermal/Muscle-related
4863,5624,-14.449853075639957,Nematocyte-related,Epidermal/Muscle-related
4981,2394,-14.447956833882778,Nematocyte-related,Nematocyte-related
4981,1092,-14.44385199304253,Nematocyte-related,Epidermal/Muscle-related
4855,89,14.440403558100465,Nematocyte-related,Neural-related
4983,5624,-14.43132236639262,Nematocyte-related,Epidermal/Muscle-related
4981,6822,-14.426466957044713,Nematocyte-related,Nematocyte-related
4771,333,14.425155210224926,Nematocyte-related,Epidermal/Muscle-related
4855,5359,14.417796608559316,Nematocyte-related,Neural-related
4771,6065,14.390619252417007,Nematocyte-related,Nematocyte-related
4981,2573,14.390347056650386,Nematocyte-related,Epidermal/Muscle-related
4771,2918,-14.380881542138619,Nematocyte-related,Nematocyte-related
4886,846,-14.376585267888517,Epidermal/Muscle-related,Nematocyte-related
4771,881,14.374000089733949,Nematocyte-related,Nematocyte-related
4981,6902,14.350300551930959,Nematocyte-related,Neural-related
4923,5624,14.344558669610867,Nematocyte-related,Epidermal/Muscle-related
4821,5277,-14.34346118726348,Epidermal/Muscle-related,Neural-related
4981,4122,-14.341052038504955,Nematocyte-related,Nematocyte-related
4785,846,14.335722733631318,Neural-related,Nematocyte-related
4821,846,14.331845424825822,Epidermal/Muscle-related,Nematocyte-related
4855,6065,14.331218414844535,Nematocyte-related,Nematocyte-related
4869,5624,14.327939429680649,Epidermal/Muscle-related,Epidermal/Muscle-related
4981,6690,14.325073848098382,Nematocyte-related,Epidermal/Muscle-related
4821,2262,-14.311200297139287,Epidermal/Muscle-related,Epidermal/Muscle-related
4981,2148,14.309555530952538,Nematocyte-related,Epidermal/Muscle-related
4981,6074,-14.299435116870802,Nematocyte-related,Epidermal/Muscle-related
4855,5688,14.290861476901492,Nematocyte-related,Epidermal/Muscle-related
4981,1862,14.288007509651358,Nematocyte-related,Epidermal/Muscle-related
4760,3288,-14.287975182986099,Neural-related,Neural-related
4821,2376,-14.284927311215474,Epidermal/Muscle-related,Epidermal/Muscle-related
4821,2090,-14.255481058800928,Epidermal/Muscle-related,Nematocyte-related
4925,2090,-14.23258520802526,Epidermal/Muscle-related,Nematocyte-related
4981,485,14.22300892631372,Nematocyte-related,Neural-related
4981,2200,-14.212329831731054,Nematocyte-related,Epidermal/Muscle-related
4869,3289,14.201560331171937,Epidermal/Muscle-related,Neural-related
4994,357,14.195659113343035,Neural-related,Neural-related
4889,3193,14.185155886531694,Nematocyte-related,Neural-related
4925,2393,14.1825599608388,Epidermal/Muscle-related,Nematocyte-related
4771,1922,14.172058677600061,Nematocyte-related,Neural-related
4763,3096,-14.169685472159285,Neural-related,Epidermal/Muscle-related
4771,5139,14.164335022882993,Nematocyte-related,Nematocyte-related
4855,3504,14.153109638266006,Nematocyte-related,Nematocyte-related
4771,6118,14.151151733635537,Nematocyte-related,Nematocyte-related
4855,1426,14.14837478968262,Nematocyte-related,Epidermal/Muscle-related
4699,5749,14.138739229544477,Epidermal/Muscle-related,Epidermal/Muscle-related
4844,357,14.138414553108534,Neural-related,Neural-related
4855,5458,14.112772912681653,Nematocyte-related,Neural-related
4821,2587,-14.112622348668308,Epidermal/Muscle-related,Epidermal/Muscle-related
4981,6223,-14.103498716566882,Nematocyte-related,Epidermal/Muscle-related
4496,6588,14.101496940021825,Epidermal/Muscle-related,Epidermal/Muscle-related
4707,5624,-14.097367847528623,Neural-related,Epidermal/Muscle-related
4855,3751,14.079675924931934,Nematocyte-related,Epidermal/Muscle-related
4821,2148,-14.07769963339116,Epidermal/Muscle-related,Epidermal/Muscle-related
4981,1364,14.076743779364564,Nematocyte-related,Nematocyte-related
4640,812,14.067168541054226,Nematocyte-related,Nematocyte-related
4981,356,14.043276041736728,Nematocyte-related,Neural-related
4981,881,-14.033804825390337,Nematocyte-related,Nematocyte-related
4855,3833,-14.033198956144286,Nematocyte-related,Neural-related
4699,298,14.032042071661984,Epidermal/Muscle-related,Neural-related
4771,1862,-14.018299114198017,Nematocyte-related,Epidermal/Muscle-related
4981,2739,-14.017076718167173,Nematocyte-related,Nematocyte-related
4771,5688,14.016752037631585,Nematocyte-related,Epidermal/Muscle-related
4981,1013,14.00677270212243,Nematocyte-related,Nematocyte-related
4991,5460,13.994987600308269,Neural-related,Nematocyte-related
4821,6919,-13.994409738634733,Epidermal/Muscle-related,Epidermal/Muscle-related
4821,1525,-13.992668141245291,Epidermal/Muscle-related,Epidermal/Muscle-related
4981,2438,-13.99063270031362,Nematocyte-related,Nematocyte-related
4640,3015,-13.986448887499247,Nematocyte-related,Nematocyte-related
4981,2250,-13.98009157893828,Nematocyte-related,Neural-related
4990,3195,-13.97471703281945,Nematocyte-related,Nematocyte-related
4889,2767,13.974193252296148,Nematocyte-related,Epidermal/Muscle-related
4771,6514,-13.973080039486172,Nematocyte-related,Epidermal/Muscle-related
4981,2393,-13.969545852214738,Nematocyte-related,Nematocyte-related
4981,1564,-13.964006622328567,Nematocyte-related,Epidermal/Muscle-related
4991,2309,13.961950095113446,Neural-related,Epidermal/Muscle-related
4981,6970,13.956396115587115,Nematocyte-related,Nematocyte-related
4854,3289,13.943023517543407,Nematocyte-related,Neural-related
4968,5459,-13.939013313024175,Nematocyte-related,Neural-related
4771,6017,13.930234817473053,Nematocyte-related,Epidermal/Muscle-related
4968,4244,-13.929316526350117,Nematocyte-related,Epidermal/Muscle-related
4831,2043,-13.918971508524537,Nematocyte-related,Epidermal/Muscle-related
4995,3195,-13.906914679542608,Epidermal/Muscle-related,Nematocyte-related
4855,881,13.898175152236083,Nematocyte-related,Nematocyte-related
4981,2056,-13.890361784378387,Nematocyte-related,Nematocyte-related
4925,2102,-13.890156272489438,Epidermal/Muscle-related,Epidermal/Muscle-related
4821,1455,13.888035035192182,Epidermal/Muscle-related,Epidermal/Muscle-related
4855,1922,13.87318614462748,Nematocyte-related,Neural-related
4844,812,-13.86396004650723,Neural-related,Nematocyte-related
4901,838,13.85595605147605,Nematocyte-related,Epidermal/Muscle-related
4854,3048,13.853919921093073,Nematocyte-related,Epidermal/Muscle-related
4316,2309,-13.851113023327356,Nematocyte-related,Epidermal/Muscle-related
4821,544,-13.816412706875033,Epidermal/Muscle-related,Epidermal/Muscle-related
4821,1976,-13.81333403752336,Epidermal/Muscle-related,Neural-related
4981,4466,13.812817866804927,Nematocyte-related,Nematocyte-related
4380,1013,-13.807953395955943,Nematocyte-related,Nematocyte-related
4760,4244,-13.802522640269261,Neural-related,Epidermal/Muscle-related
4771,796,-13.80085239744313,Nematocyte-related,Epidermal/Muscle-related
4855,2055,-13.797926893486903,Nematocyte-related,Nematocyte-related
4771,2394,13.784271682118957,Nematocyte-related,Nematocyte-related
4981,2918,13.783444685061077,Nematocyte-related,Nematocyte-related
4981,2019,-13.777145872476535,Nematocyte-related,Nematocyte-related
4771,3471,13.769441156681959,Nematocyte-related,Neural-related
4990,5221,-13.76923328463693,Nematocyte-related,Epidermal/Muscle-related
4771,2686,-13.767491612910977,Nematocyte-related,Epidermal/Muscle-related
4760,4050,-13.751167094074134,Neural-related,Epidermal/Muscle-related
4771,2035,-13.74429009723634,Nematocyte-related,Epidermal/Muscle-related
4771,2438,13.73911826160655,Nematocyte-related,Nematocyte-related
4771,1426,13.737317485137744,Nematocyte-related,Epidermal/Muscle-related
4981,4596,-13.736895550047262,Nematocyte-related,Nematocyte-related
4821,2193,-13.726918972236684,Epidermal/Muscle-related,Epidermal/Muscle-related
4981,63,-13.718743930052792,Nematocyte-related,Epidermal/Muscle-related
4981,4034,13.716921292512296,Nematocyte-related,Nematocyte-related
4771,2471,13.713870102208194,Nematocyte-related,Epidermal/Muscle-related
4821,3415,-13.704582686588719,Epidermal/Muscle-related,Epidermal/Muscle-related
4981,5688,-13.673085330035109,Nematocyte-related,Epidermal/Muscle-related
4771,4018,13.664043532176258,Nematocyte-related,Epidermal/Muscle-related
4821,5847,-13.653595171130402,Epidermal/Muscle-related,Nematocyte-related
4855,4424,13.643693429223456,Nematocyte-related,Nematocyte-related
4990,6919,-13.64102114815908,Nematocyte-related,Epidermal/Muscle-related
4821,4795,-13.63759895505071,Epidermal/Muscle-related,Nematocyte-related
4981,4244,-13.630735744921559,Nematocyte-related,Epidermal/Muscle-related
4981,2336,13.629984388831023,Nematocyte-related,Epidermal/Muscle-related
4882,5424,-13.622682876668314,Nematocyte-related,Nematocyte-related
4821,673,-13.621909877928237,Epidermal/Muscle-related,Epidermal/Muscle-related
4771,4244,13.616473736463998,Nematocyte-related,Epidermal/Muscle-related
4901,846,13.613642596457684,Nematocyte-related,Nematocyte-related
4981,5563,-13.608645479388255,Nematocyte-related,Epidermal/Muscle-related
4981,3157,-13.601624677769207,Nematocyte-related,Epidermal/Muscle-related
4981,2981,13.596867063802218,Nematocyte-related,Epidermal/Muscle-related
4821,2533,-13.58484512892906,Epidermal/Muscle-related,Epidermal/Muscle-related
4855,3171,13.577327535658899,Nematocyte-related,Epidermal/Muscle-related
4991,2326,-13.573389731368444,Neural-related,Epidermal/Muscle-related
4855,6850,13.56884692736051,Nematocyte-related,Epidermal/Muscle-related
4771,4048,-13.561735772566315,Nematocyte-related,Neural-related
4981,2603,13.557934933145422,Nematocyte-related,Nematocyte-related
4771,3751,13.550757396327269,Nematocyte-related,Epidermal/Muscle-related
4527,812,13.544517040413625,Nematocyte-related,Nematocyte-related
4760,3193,-13.542038595291384,Neural-related,Neural-related
4771,89,13.530211227905648,Nematocyte-related,Neural-related
4771,2056,13.529580937248756,Nematocyte-related,Nematocyte-related
4785,555,13.523789041191337,Neural-related,Epidermal/Muscle-related
4981,1295,13.521944824020736,Nematocyte-related,Nematocyte-related
4380,5749,-13.520527230834775,Nematocyte-related,Epidermal/Muscle-related
4771,1275,13.514316902691474,Nematocyte-related,Epidermal/Muscle-related
4381,3289,-13.51368463686543,Epidermal/Muscle-related,Neural-related
4981,1504,-13.497211985224963,Nematocyte-related,Epidermal/Muscle-related
4699,1504,-13.496249047586485,Epidermal/Muscle-related,Epidermal/Muscle-related
4925,918,-13.483014583136319,Epidermal/Muscle-related,Epidermal/Muscle-related
4821,1495,-13.480828793238828,Epidermal/Muscle-related,Neural-related
4640,1504,13.467506631079804,Nematocyte-related,Epidermal/Muscle-related
4831,555,-13.465871751366086,Nematocyte-related,Epidermal/Muscle-related
4981,4598,-13.461338556051953,Nematocyte-related,Nematocyte-related
4981,3773,13.457129769538163,Nematocyte-related,Epidermal/Muscle-related
4771,2055,-13.454645366050537,Nematocyte-related,Nematocyte-related
4981,440,13.45181989924225,Nematocyte-related,Epidermal/Muscle-related
4855,266,-13.440053269481162,Nematocyte-related,Epidermal/Muscle-related
4964,577,13.438191825166962,Nematocyte-related,Epidermal/Muscle-related
4882,5624,-13.435166176741891,Nematocyte-related,Epidermal/Muscle-related
4771,5458,13.429462254394881,Nematocyte-related,Neural-related
4880,5424,-13.42461599293174,Neural-related,Nematocyte-related
4854,838,13.42442950763087,Nematocyte-related,Epidermal/Muscle-related
4994,812,-13.413105957025735,Neural-related,Nematocyte-related
4923,555,13.412096454759565,Nematocyte-related,Epidermal/Muscle-related
4821,916,-13.411146400197868,Epidermal/Muscle-related,Nematocyte-related
4981,3590,-13.409234959049897,Nematocyte-related,Epidermal/Muscle-related
4990,1075,-13.403928742666409,Nematocyte-related,Nematocyte-related
4655,3193,13.391872294288428,Nematocyte-related,Neural-related
4771,2936,-13.390020150210788,Nematocyte-related,Epidermal/Muscle-related
4380,577,-13.388228717283331,Nematocyte-related,Epidermal/Muscle-related
4925,302,-13.388132297815527,Epidermal/Muscle-related,Epidermal/Muscle-related
4821,6608,-13.385609099300414,Epidermal/Muscle-related,Epidermal/Muscle-related
4855,5810,-13.378746100654887,Nematocyte-related,Nematocyte-related
4821,6235,13.376061952078224,Epidermal/Muscle-related,Neural-related
4981,4018,-13.376018770193898,Nematocyte-related,Epidermal/Muscle-related
4925,357,-13.364759779344247,Epidermal/Muscle-related,Neural-related
4981,5512,13.3629140352459,Nematocyte-related,Epidermal/Muscle-related
4855,3471,13.349448553059567,Nematocyte-related,Neural-related
4785,4822,13.348107005984504,Neural-related,Neural-related
4771,2603,-13.346614563723879,Nematocyte-related,Nematocyte-related
4925,5749,-13.341417581733936,Epidermal/Muscle-related,Epidermal/Muscle-related
4699,282,13.339352956489078,Epidermal/Muscle-related,Neural-related
4821,1583,13.33931524354707,Epidermal/Muscle-related,Epidermal/Muscle-related
4771,1525,-13.331140132292624,Nematocyte-related,Epidermal/Muscle-related
4821,6411,-13.330695256423837,Epidermal/Muscle-related,Nematocyte-related
4983,5418,-13.327171335247153,Nematocyte-related,Nematocyte-related
4771,6850,13.321214574706444,Nematocyte-related,Epidermal/Muscle-related
4821,1207,-13.321063529744064,Epidermal/Muscle-related,Epidermal/Muscle-related
4821,4980,-13.31679517904493,Epidermal/Muscle-related,Epidermal/Muscle-related
4771,2650,13.311761892519417,Nematocyte-related,Nematocyte-related
4981,3201,-13.308538024280004,Nematocyte-related,Epidermal/Muscle-related
4821,5180,-13.304616401191543,Epidermal/Muscle-related,Epidermal/Muscle-related
4981,5102,13.303535282161668,Nematocyte-related,Nematocyte-related
4785,4050,13.2968056358267,Neural-related,Epidermal/Muscle-related
4981,135,13.29560289000238,Nematocyte-related,Neural-related
4968,838,-13.294731953392697,Nematocyte-related,Epidermal/Muscle-related
4771,1172,-13.289501941835065,Nematocyte-related,Nematocyte-related
4901,5624,13.288667077752029,Nematocyte-related,Epidermal/Muscle-related
4771,6588,13.277710043336187,Nematocyte-related,Epidermal/Muscle-related
4640,5749,-13.272067568865667,Nematocyte-related,Epidermal/Muscle-related
4983,4244,-13.268120585743304,Nematocyte-related,Epidermal/Muscle-related
4981,2241,13.26735886979056,Nematocyte-related,Epidermal/Muscle-related
4771,940,-13.26477991805713,Nematocyte-related,Epidermal/Muscle-related
4855,604,-13.258732609981347,Nematocyte-related,Epidermal/Muscle-related
4991,3048,13.256639086100794,Neural-related,Epidermal/Muscle-related
4771,5847,-13.255725116257665,Nematocyte-related,Nematocyte-related
4771,4675,-13.252801570036864,Nematocyte-related,Epidermal/Muscle-related
4855,2056,13.23936712952606,Nematocyte-related,Nematocyte-related
4771,6259,-13.22186964792233,Nematocyte-related,Neural-related
4821,437,-13.215950978508056,Epidermal/Muscle-related,Epidermal/Muscle-related
4854,5460,13.214748179204776,Nematocyte-related,Nematocyte-related
4821,2023,13.213967674883492,Epidermal/Muscle-related,Epidermal/Muscle-related
4925,5563,13.213160378220365,Epidermal/Muscle-related,Epidermal/Muscle-related
4821,6073,-13.211970568681323,Epidermal/Muscle-related,Epidermal/Muscle-related
4990,6321,-13.206190981405243,Nematocyte-related,Neural-related
4771,1092,13.205774544723878,Nematocyte-related,Epidermal/Muscle-related
4740,577,13.200199167361793,Nematocyte-related,Epidermal/Muscle-related
4995,3289,-13.198817662775514,Epidermal/Muscle-related,Neural-related
4855,4598,13.192886570075308,Nematocyte-related,Nematocyte-related
4855,5612,13.190592386589024,Nematocyte-related,Epidermal/Muscle-related
4990,3607,-13.19010911598837,Nematocyte-related,Epidermal/Muscle-related
4855,2650,13.188000930554859,Nematocyte-related,Nematocyte-related
4981,2650,-13.187814363880923,Nematocyte-related,Nematocyte-related
4981,1828,13.18710212500783,Nematocyte-related,Nematocyte-related
4981,2576,13.186042680654271,Nematocyte-related,Epidermal/Muscle-related
4771,5238,13.18252917810848,Nematocyte-related,Nematocyte-related
4964,2090,13.18071784720957,Nematocyte-related,Nematocyte-related
4925,4334,-13.178399224652159,Epidermal/Muscle-related,Nematocyte-related
4972,3193,-13.176076490942691,Nematocyte-related,Neural-related
4771,464,-13.171996298997708,Nematocyte-related,Epidermal/Muscle-related
4855,6118,13.162737512986293,Nematocyte-related,Nematocyte-related
4901,4018,13.162046801728515,Nematocyte-related,Epidermal/Muscle-related
4981,572,13.159903597567993,Nematocyte-related,Epidermal/Muscle-related
4886,3096,-13.153249312749251,Epidermal/Muscle-related,Epidermal/Muscle-related
4972,5573,-13.150381519917264,Nematocyte-related,Epidermal/Muscle-related
4990,4048,13.148143232989229,Nematocyte-related,Neural-related
4968,2090,13.146960483509867,Nematocyte-related,Nematocyte-related
4981,6209,-13.143929649239215,Nematocyte-related,Nematocyte-related
4925,1504,13.135684569000075,Epidermal/Muscle-related,Epidermal/Muscle-related
4811,3289,-13.13209832779062,Nematocyte-related,Neural-related
4771,4424,13.128571508849344,Nematocyte-related,Nematocyte-related
4771,3833,-13.120931456038942,Nematocyte-related,Neural-related
4771,4822,13.118077149223708,Nematocyte-related,Neural-related
4981,2068,13.116938176122348,Nematocyte-related,Epidermal/Muscle-related
4821,1313,-13.10686568642845,Epidermal/Muscle-related,Epidermal/Muscle-related
4981,39,13.101328492517144,Nematocyte-related,Epidermal/Muscle-related
4981,3069,13.089274634074103,Nematocyte-related,Nematocyte-related
4978,5424,-13.08522572901537,Nematocyte-related,Nematocyte-related
4771,3744,13.079112159166892,Nematocyte-related,Epidermal/Muscle-related
4901,693,-13.078712522010644,Nematocyte-related,Epidermal/Muscle-related
4889,555,13.073897118288892,Nematocyte-related,Epidermal/Muscle-related
4821,6148,13.071833017600085,Epidermal/Muscle-related,Nematocyte-related
4991,693,-13.070170610175603,Neural-related,Epidermal/Muscle-related
4981,634,-13.069382826789136,Nematocyte-related,Epidermal/Muscle-related
4968,2148,13.065500372316121,Nematocyte-related,Epidermal/Muscle-related
4925,6017,13.063033062386356,Epidermal/Muscle-related,Epidermal/Muscle-related
4990,5359,-13.05892943200142,Nematocyte-related,Neural-related
4771,6822,13.045519756490043,Nematocyte-related,Nematocyte-related
4981,3815,13.044294718734477,Nematocyte-related,Nematocyte-related
4771,2999,13.043651510361032,Nematocyte-related,Epidermal/Muscle-related
4978,3096,-13.037453189107529,Nematocyte-related,Epidermal/Muscle-related
4707,3289,-13.033558493328279,Neural-related,Neural-related
4991,4334,-13.032283528599715,Neural-related,Nematocyte-related
4981,266,13.030264555915165,Nematocyte-related,Epidermal/Muscle-related
4760,2824,-13.026674334145035,Neural-related,Nematocyte-related
4863,3288,-13.016038303631783,Nematocyte-related,Neural-related
4785,1877,13.011742101121687,Neural-related,Nematocyte-related
4760,2394,-13.009136568352499,Neural-related,Nematocyte-related
4771,6411,-13.003405682956712,Nematocyte-related,Nematocyte-related
4981,3111,12.999698119732754,Nematocyte-related,Nematocyte-related
4925,2471,12.99580992462788,Epidermal/Muscle-related,Epidermal/Muscle-related
4821,2438,12.992659985465112,Epidermal/Muscle-related,Nematocyte-related
4821,344,-12.98842230663049,Epidermal/Muscle-related,Neural-related
4981,412,12.986959621903548,Nematocyte-related,Epidermal/Muscle-related
4994,298,12.981230642438145,Neural-related,Neural-related
4821,2918,-12.966644838206712,Epidermal/Muscle-related,Nematocyte-related
4981,283,12.960841805122644,Nematocyte-related,Neural-related
4913,4727,-12.959162654081714,Neural-related,Nematocyte-related
4964,796,12.958055982345298,Nematocyte-related,Epidermal/Muscle-related
4855,3988,-12.947771896962767,Nematocyte-related,Epidermal/Muscle-related
4925,4018,12.944358522197106,Epidermal/Muscle-related,Epidermal/Muscle-related
4925,6588,12.937993794880956,Epidermal/Muscle-related,Epidermal/Muscle-related
4811,555,-12.93676720789848,Nematocyte-related,Epidermal/Muscle-related
4901,496,12.93213060962989,Nematocyte-related,Epidermal/Muscle-related
4990,5624,-12.930491065672022,Nematocyte-related,Epidermal/Muscle-related
4707,555,-12.928959028890874,Neural-related,Epidermal/Muscle-related
4855,2936,-12.928533398221914,Nematocyte-related,Epidermal/Muscle-related
4821,3751,12.927050564222395,Epidermal/Muscle-related,Epidermal/Muscle-related
4821,1931,-12.923764216949534,Epidermal/Muscle-related,Nematocyte-related
4925,6259,-12.923376601179227,Epidermal/Muscle-related,Neural-related
4981,744,-12.91748837988986,Nematocyte-related,Epidermal/Muscle-related
4990,3289,-12.915387880891736,Nematocyte-related,Neural-related
4925,2262,-12.906588390995084,Epidermal/Muscle-related,Epidermal/Muscle-related
4655,3289,12.906458470936306,Nematocyte-related,Neural-related
4821,2035,-12.903173644798676,Epidermal/Muscle-related,Epidermal/Muscle-related
4821,1071,12.902945220557966,Epidermal/Muscle-related,Epidermal/Muscle-related
4886,2182,-12.900530658057052,Epidermal/Muscle-related,Epidermal/Muscle-related
4855,6471,-12.899191073116269,Nematocyte-related,Epidermal/Muscle-related
4923,3289,12.89157753161094,Nematocyte-related,Neural-related
4855,1525,-12.89038783988749,Nematocyte-related,Epidermal/Muscle-related
4821,1828,-12.888178707402881,Epidermal/Muscle-related,Nematocyte-related
4901,577,-12.884893576222083,Nematocyte-related,Epidermal/Muscle-related
4925,5488,-12.880272737220418,Epidermal/Muscle-related,Neural-related
4951,555,12.877783216124197,Neural-related,Epidermal/Muscle-related
4981,5690,12.866036302658602,Nematocyte-related,Epidermal/Muscle-related
4909,357,12.86158257767263,Nematocyte-related,Neural-related
4990,410,-12.856600163480804,Nematocyte-related,Neural-related
4925,6360,12.854464915130906,Epidermal/Muscle-related,Nematocyte-related
4981,5813,12.84990313926485,Nematocyte-related,Nematocyte-related
4981,1554,12.841032692789,Nematocyte-related,Epidermal/Muscle-related
4855,3025,12.839640238111079,Nematocyte-related,Epidermal/Muscle-related
4925,2188,-12.83808277082592,Epidermal/Muscle-related,Epidermal/Muscle-related
4854,846,12.837959452340275,Nematocyte-related,Nematocyte-related
4771,5624,12.833700132922859,Nematocyte-related,Epidermal/Muscle-related
4855,2824,12.83354504668368,Nematocyte-related,Nematocyte-related
4821,3333,-12.830900199612028,Epidermal/Muscle-related,Epidermal/Muscle-related
4981,2132,12.830832455403305,Nematocyte-related,Nematocyte-related
4855,5488,-12.829394571220003,Nematocyte-related,Neural-related
4855,5238,12.82440739621031,Nematocyte-related,Nematocyte-related
4855,4492,12.821771601977161,Nematocyte-related,Neural-related
4981,4119,12.819487538071101,Nematocyte-related,Nematocyte-related
4863,4424,-12.817617256013117,Nematocyte-related,Nematocyte-related
4707,3193,-12.817429163100888,Neural-related,Neural-related
4855,2336,-12.815345851556154,Nematocyte-related,Epidermal/Muscle-related
4441,846,12.81470081163739,Neural-related,Nematocyte-related
4901,2326,-12.810779310915095,Nematocyte-related,Epidermal/Muscle-related
4981,2533,12.808245205498185,Nematocyte-related,Epidermal/Muscle-related
4983,442,-12.800360719258997,Nematocyte-related,Neural-related
4854,3096,12.795701317009115,Nematocyte-related,Epidermal/Muscle-related
4981,6588,-12.792689171814985,Nematocyte-related,Epidermal/Muscle-related
4968,1877,-12.792445512393652,Nematocyte-related,Nematocyte-related
4785,5459,12.790104406619028,Neural-related,Neural-related
4732,2309,-12.780182399580534,Nematocyte-related,Epidermal/Muscle-related
4925,1564,12.77524022509749,Epidermal/Muscle-related,Epidermal/Muscle-related
4901,4244,12.774511800546033,Nematocyte-related,Epidermal/Muscle-related
4981,79,12.769630439613541,Nematocyte-related,Nematocyte-related
4771,5459,12.769597841479685,Nematocyte-related,Neural-related
4990,3015,-12.766178661631793,Nematocyte-related,Nematocyte-related
4855,283,-12.761353660687123,Nematocyte-related,Neural-related
4981,4078,12.759571985150785,Nematocyte-related,Epidermal/Muscle-related
4928,6454,-12.758394048059017,Nematocyte-related,Epidermal/Muscle-related
4821,2573,-12.758047260821495,Epidermal/Muscle-related,Epidermal/Muscle-related
4981,1426,-12.756013042523373,Nematocyte-related,Epidermal/Muscle-related
4981,1877,-12.7534968843041,Nematocyte-related,Nematocyte-related
4981,6168,12.75319322009738,Nematocyte-related,Nematocyte-related
4821,2336,-12.746749792931736,Epidermal/Muscle-related,Epidermal/Muscle-related
4968,3289,-12.745388752931095,Nematocyte-related,Neural-related
4855,2393,12.743887321895395,Nematocyte-related,Nematocyte-related
4981,4412,-12.743649497719957,Nematocyte-related,Nematocyte-related
4855,1898,12.740972747994473,Nematocyte-related,Nematocyte-related
4771,5597,-12.73590736864877,Nematocyte-related,Nematocyte-related
4785,2513,12.7342526621573,Neural-related,Epidermal/Muscle-related
4821,366,-12.73226847510911,Epidermal/Muscle-related,Neural-related
4981,2066,12.725734865772722,Nematocyte-related,Epidermal/Muscle-related
4990,357,-12.719900731948979,Nematocyte-related,Neural-related
4763,6608,12.718624118480351,Neural-related,Epidermal/Muscle-related
4981,3015,12.716711182138091,Nematocyte-related,Nematocyte-related
4855,3197,12.712781412619766,Nematocyte-related,Nematocyte-related
4764,6608,-12.710740634052256,Nematocyte-related,Epidermal/Muscle-related
4981,3288,-12.705954327270653,Nematocyte-related,Neural-related
4855,5922,12.704756440274888,Nematocyte-related,Nematocyte-related
4882,5459,-12.702473634835188,Nematocyte-related,Neural-related
4889,5459,12.697295609202142,Nematocyte-related,Neural-related
4981,3372,-12.683653269929493,Nematocyte-related,Nematocyte-related
4771,5488,-12.682966085400178,Nematocyte-related,Neural-related
4821,1013,-12.676991985113006,Epidermal/Muscle-related,Nematocyte-related
4981,5657,-12.676623824252466,Nematocyte-related,Nematocyte-related
4785,5718,12.671266155230272,Neural-related,Epidermal/Muscle-related
4925,2650,12.669934928835843,Epidermal/Muscle-related,Nematocyte-related
4869,555,12.669140944889673,Epidermal/Muscle-related,Epidermal/Muscle-related
4991,3096,12.66913931741979,Neural-related,Epidermal/Muscle-related
4983,5459,-12.66261454064303,Nematocyte-related,Neural-related
4785,3288,12.657141073771507,Neural-related,Neural-related
4981,5810,12.65689469427534,Nematocyte-related,Nematocyte-related
4771,3988,-12.652396571710142,Nematocyte-related,Epidermal/Muscle-related
4981,3289,-12.64403782180268,Nematocyte-related,Neural-related
4981,2376,12.636776614523832,Nematocyte-related,Epidermal/Muscle-related
4901,2394,12.633320711341828,Nematocyte-related,Nematocyte-related
4771,3350,12.63257823908337,Nematocyte-related,Neural-related
4854,693,-12.628384876750482,Nematocyte-related,Epidermal/Muscle-related
4981,89,-12.62408580966798,Nematocyte-related,Neural-related
4885,577,12.621651724039834,Epidermal/Muscle-related,Epidermal/Muscle-related
4925,3096,12.621455765430708,Epidermal/Muscle-related,Epidermal/Muscle-related
4855,6105,12.621200701134025,Nematocyte-related,Epidermal/Muscle-related
4821,5688,12.613709200497215,Epidermal/Muscle-related,Epidermal/Muscle-related
4972,3815,12.608668174127263,Nematocyte-related,Nematocyte-related
4789,3195,12.608115421388652,Nematocyte-related,Nematocyte-related
4901,4960,12.605929334284998,Nematocyte-related,Nematocyte-related
4925,3590,12.604602208355956,Epidermal/Muscle-related,Epidermal/Muscle-related
4855,4018,12.60417913876566,Nematocyte-related,Epidermal/Muscle-related
4981,3504,-12.601504285434226,Nematocyte-related,Nematocyte-related
4968,5688,-12.598579950486505,Nematocyte-related,Epidermal/Muscle-related
4978,846,-12.598468675166478,Nematocyte-related,Nematocyte-related
4855,3715,-12.596843107705036,Nematocyte-related,Neural-related
4925,1172,-12.59643555231154,Epidermal/Muscle-related,Nematocyte-related
4901,5460,12.593941482955678,Nematocyte-related,Nematocyte-related
4855,204,-12.591652779172893,Nematocyte-related,Epidermal/Muscle-related
4981,320,12.587923045483052,Nematocyte-related,Nematocyte-related
4981,2846,12.58669830316156,Nematocyte-related,Epidermal/Muscle-related
4821,7084,12.584850561699366,Epidermal/Muscle-related,Epidermal/Muscle-related
4821,5488,-12.582095511911781,Epidermal/Muscle-related,Neural-related
4925,2603,-12.566781885753263,Epidermal/Muscle-related,Nematocyte-related
4981,935,12.564582431388903,Nematocyte-related,Nematocyte-related
4771,4598,12.563676527087438,Nematocyte-related,Nematocyte-related
4844,5749,12.562161049367361,Neural-related,Epidermal/Muscle-related
4760,4727,12.556092844537133,Neural-related,Nematocyte-related
4316,3289,-12.555094854186443,Nematocyte-related,Neural-related
4981,496,-12.555026644546976,Nematocyte-related,Epidermal/Muscle-related
4928,838,-12.55372843663868,Nematocyte-related,Epidermal/Muscle-related
4925,326,-12.552230309250039,Epidermal/Muscle-related,Neural-related
4981,4822,-12.54721584999807,Nematocyte-related,Neural-related
4925,5836,-12.541286918570076,Epidermal/Muscle-related,Epidermal/Muscle-related
4869,3193,12.537045233238246,Epidermal/Muscle-related,Neural-related
4481,3289,12.536581500060459,Epidermal/Muscle-related,Neural-related
4981,6100,-12.535395975412685,Nematocyte-related,Epidermal/Muscle-related
4785,4244,12.53437341780768,Neural-related,Epidermal/Muscle-related
4771,1563,12.534370441141599,Nematocyte-related,Epidermal/Muscle-related
4981,5979,12.534124104147363,Nematocyte-related,Epidermal/Muscle-related
4925,135,-12.533494127634496,Epidermal/Muscle-related,Neural-related
4316,838,-12.531459211095532,Nematocyte-related,Epidermal/Muscle-related
4855,594,12.529002300860077,Nematocyte-related,Epidermal/Muscle-related
4855,5424,12.522939015588275,Nematocyte-related,Nematocyte-related
4925,1828,-12.51968984054886,Epidermal/Muscle-related,Nematocyte-related
4855,6155,12.518492831550924,Nematocyte-related,Epidermal/Muscle-related
4990,4649,-12.51478656379249,Nematocyte-related,Nematocyte-related
4855,4202,12.509989450702912,Nematocyte-related,Nematocyte-related
4821,2677,-12.504992193833434,Epidermal/Muscle-related,Epidermal/Muscle-related
4771,3923,12.498468311766858,Nematocyte-related,Epidermal/Muscle-related
4785,2309,12.495365717847832,Neural-related,Epidermal/Muscle-related
4798,577,-12.493175156460966,Nematocyte-related,Epidermal/Muscle-related
4855,4087,12.489468489044711,Nematocyte-related,Nematocyte-related
4885,812,-12.48798759702177,Epidermal/Muscle-related,Nematocyte-related
4978,5459,-12.483290444973207,Nematocyte-related,Neural-related
4854,3193,12.482295639872484,Nematocyte-related,Neural-related
4855,2522,-12.479217021583203,Nematocyte-related,Nematocyte-related
4981,2055,12.476903165925705,Nematocyte-related,Nematocyte-related
4821,880,-12.475468618884378,Epidermal/Muscle-related,Nematocyte-related
4981,2027,12.471166795428111,Nematocyte-related,Epidermal/Muscle-related
4844,298,12.470876931961168,Neural-related,Neural-related
4901,3289,12.465470171015408,Nematocyte-related,Neural-related
4925,358,-12.465340227891668,Epidermal/Muscle-related,Neural-related
4855,3064,12.456140916172327,Nematocyte-related,Neural-related
4981,6850,-12.454312274422444,Nematocyte-related,Epidermal/Muscle-related
4981,4512,12.453786122060341,Nematocyte-related,Epidermal/Muscle-related
4981,547,12.451559142647227,Nematocyte-related,Epidermal/Muscle-related
4990,282,-12.447613574348763,Nematocyte-related,Neural-related
4855,4869,-12.447578982007235,Nematocyte-related,Epidermal/Muscle-related
4655,2043,12.446660897130009,Nematocyte-related,Epidermal/Muscle-related
4771,4034,-12.445112498048326,Nematocyte-related,Nematocyte-related
4855,4078,-12.44287030683481,Nematocyte-related,Epidermal/Muscle-related
4990,3560,-12.44231355439665,Nematocyte-related,Epidermal/Muscle-related
4901,3744,12.439445257050062,Nematocyte-related,Epidermal/Muscle-related
4771,3504,12.437638292917265,Nematocyte-related,Nematocyte-related
4785,2182,12.43605295148252,Neural-related,Epidermal/Muscle-related
4981,3654,12.429487372151208,Nematocyte-related,Epidermal/Muscle-related
4785,2824,12.42613558156208,Neural-related,Nematocyte-related
4981,4071,12.425171044114201,Nematocyte-related,Epidermal/Muscle-related
4886,5424,-12.425130769468398,Epidermal/Muscle-related,Nematocyte-related
4855,1364,-12.420078112258008,Nematocyte-related,Nematocyte-related
4901,3923,12.41721684858972,Nematocyte-related,Epidermal/Muscle-related
4981,303,12.415787698570243,Nematocyte-related,Epidermal/Muscle-related
4854,5424,12.414763116729759,Nematocyte-related,Nematocyte-related
4785,1987,12.414065275577908,Neural-related,Nematocyte-related
4855,5903,12.411318736940764,Nematocyte-related,Nematocyte-related
4821,185,-12.410194101034643,Epidermal/Muscle-related,Neural-related
4991,846,12.409558246812185,Neural-related,Nematocyte-related
4821,540,-12.409061610865209,Epidermal/Muscle-related,Epidermal/Muscle-related
4994,4256,12.403980971122873,Neural-related,Nematocyte-related
4821,6588,12.397939403206857,Epidermal/Muscle-related,Epidermal/Muscle-related
4821,2277,-12.396588110374253,Epidermal/Muscle-related,Epidermal/Muscle-related
4995,3193,-12.38841856908942,Epidermal/Muscle-related,Neural-related
4416,577,-12.387130514744854,Epidermal/Muscle-related,Epidermal/Muscle-related
4771,2336,-12.385774056497027,Nematocyte-related,Epidermal/Muscle-related
4855,328,-12.384545781320638,Nematocyte-related,Neural-related
4821,2008,-12.384497880428219,Epidermal/Muscle-related,Epidermal/Muscle-related
4981,6793,12.380833781455237,Nematocyte-related,Epidermal/Muscle-related
4785,838,12.379448834213054,Neural-related,Epidermal/Muscle-related
4990,1461,-12.379146968484756,Nematocyte-related,Nematocyte-related
4821,6814,-12.377866144197363,Epidermal/Muscle-related,Nematocyte-related
4981,3389,12.367381053395835,Nematocyte-related,Epidermal/Muscle-related
4983,2309,-12.364202902807865,Nematocyte-related,Epidermal/Muscle-related
4844,6919,12.36322930993629,Neural-related,Epidermal/Muscle-related
4925,2169,-12.362991613571213,Epidermal/Muscle-related,Nematocyte-related
4771,6209,12.359646604001606,Nematocyte-related,Nematocyte-related
4971,4018,-12.35891485422066,Nematocyte-related,Epidermal/Muscle-related
4771,2050,-12.358726143680759,Nematocyte-related,Nematocyte-related
4441,2309,12.35853110231995,Neural-related,Epidermal/Muscle-related
4771,1156,12.356157944295425,Nematocyte-related,Nematocyte-related
4821,956,-12.355125928337323,Epidermal/Muscle-related,Neural-related
4855,5573,12.352420252679861,Nematocyte-related,Epidermal/Muscle-related
4981,6506,12.348036538587458,Nematocyte-related,Nematocyte-related
4855,5597,-12.346840176622123,Nematocyte-related,Nematocyte-related
4821,97,-12.346721328240227,Epidermal/Muscle-related,Nematocyte-related
4968,2918,12.342712437632901,Nematocyte-related,Nematocyte-related
4821,6819,-12.342437148350749,Epidermal/Muscle-related,Epidermal/Muscle-related
4981,5555,12.339156008666087,Nematocyte-related,Epidermal/Muscle-related
4760,1877,-12.334090498419895,Neural-related,Nematocyte-related
4771,2393,12.33125819994101,Nematocyte-related,Nematocyte-related
4981,156,12.321694388274738,Nematocyte-related,Epidermal/Muscle-related
4855,2686,-12.319268302080038,Nematocyte-related,Epidermal/Muscle-related
4981,5130,-12.318245484043526,Nematocyte-related,Nematocyte-related
4863,838,-12.316643209297663,Nematocyte-related,Epidermal/Muscle-related
4771,3773,-12.316186499500237,Nematocyte-related,Epidermal/Muscle-related
4821,2681,-12.315793232901113,Epidermal/Muscle-related,Epidermal/Muscle-related
4968,3193,-12.313581456684558,Nematocyte-related,Neural-related
4381,3193,-12.308545785695207,Epidermal/Muscle-related,Neural-related
4981,1483,12.30410495890705,Nematocyte-related,Epidermal/Muscle-related
4855,2050,-12.296862139716877,Nematocyte-related,Nematocyte-related
4821,5563,12.29398499636935,Epidermal/Muscle-related,Epidermal/Muscle-related
4968,577,12.29098617177598,Nematocyte-related,Epidermal/Muscle-related
4763,796,12.286319581653807,Neural-related,Epidermal/Muscle-related
4655,555,12.285207662230055,Nematocyte-related,Epidermal/Muscle-related
4981,5748,-12.280761192069363,Nematocyte-related,Epidermal/Muscle-related
4855,4244,12.271908513591523,Nematocyte-related,Epidermal/Muscle-related
4855,6422,12.270762643985277,Nematocyte-related,Nematocyte-related
4771,3201,12.270379179859003,Nematocyte-related,Epidermal/Muscle-related
4923,3193,12.268549929522537,Nematocyte-related,Neural-related
4995,3815,12.268258884577781,Epidermal/Muscle-related,Nematocyte-related
4855,1477,12.26712538839698,Nematocyte-related,Epidermal/Muscle-related
4981,544,12.266345077306166,Nematocyte-related,Epidermal/Muscle-related
4981,1589,-12.266236578723165,Nematocyte-related,Neural-related
4854,6902,-12.265158468038633,Nematocyte-related,Neural-related
4964,6608,12.262759884110663,Nematocyte-related,Epidermal/Muscle-related
4688,577,12.262711485221258,Epidermal/Muscle-related,Epidermal/Muscle-related
4972,4727,12.261204780979282,Nematocyte-related,Nematocyte-related
4964,2918,12.25681090683926,Nematocyte-related,Nematocyte-related
4854,6608,-12.255218243461616,Nematocyte-related,Epidermal/Muscle-related
4771,1856,-12.252220992381364,Nematocyte-related,Nematocyte-related
4821,302,-12.238735297745754,Epidermal/Muscle-related,Epidermal/Muscle-related
4771,5903,12.23859015418229,Nematocyte-related,Nematocyte-related
4863,4727,12.238514015246373,Nematocyte-related,Nematocyte-related
4981,5396,-12.237833594948906,Nematocyte-related,Nematocyte-related
4981,298,12.236486986112457,Nematocyte-related,Neural-related
4416,357,-12.234495773990702,Epidermal/Muscle-related,Neural-related
4854,2326,-12.2282912658068,Nematocyte-related,Epidermal/Muscle-related
4991,838,12.228028742800534,Neural-related,Epidermal/Muscle-related
4968,3581,-12.226227053537986,Nematocyte-related,Nematocyte-related
4855,2026,12.22431771768899,Nematocyte-related,Epidermal/Muscle-related
4882,838,-12.224176781010081,Nematocyte-related,Epidermal/Muscle-related
4831,4256,-12.222612301439586,Nematocyte-related,Nematocyte-related
4481,3193,12.222292345351896,Epidermal/Muscle-related,Neural-related
4925,2066,-12.218846384967712,Epidermal/Muscle-related,Epidermal/Muscle-related
4844,282,12.217902841502173,Neural-related,Neural-related
4821,6782,-12.216692647409742,Epidermal/Muscle-related,Nematocyte-related
4416,796,-12.216288040833055,Epidermal/Muscle-related,Epidermal/Muscle-related
4699,1013,12.212463376375414,Epidermal/Muscle-related,Nematocyte-related
4821,6173,12.21237704822142,Epidermal/Muscle-related,Nematocyte-related
4990,3414,-12.205510762185364,Nematocyte-related,Epidermal/Muscle-related
4848,1013,12.201754247610147,Nematocyte-related,Nematocyte-related
4880,846,-12.200681969671248,Neural-related,Nematocyte-related
4983,5811,-12.196449824634557,Nematocyte-related,Epidermal/Muscle-related
4863,333,-12.193510456880624,Nematocyte-related,Epidermal/Muscle-related
4785,2307,12.193033091247424,Neural-related,Neural-related
4821,3773,-12.189888521198192,Epidermal/Muscle-related,Epidermal/Muscle-related
4740,846,-12.188023316718052,Nematocyte-related,Nematocyte-related
4496,4334,-12.186473631145347,Epidermal/Muscle-related,Nematocyte-related
4821,2169,-12.184970017915003,Epidermal/Muscle-related,Nematocyte-related
4990,295,-12.182609474311151,Nematocyte-related,Nematocyte-related
4995,4048,12.182419039458516,Epidermal/Muscle-related,Neural-related
4821,3048,12.181315823909245,Epidermal/Muscle-related,Epidermal/Muscle-related
4925,981,12.17998944095716,Epidermal/Muscle-related,Epidermal/Muscle-related
4893,5624,-12.179797674500556,Neural-related,Epidermal/Muscle-related
4316,3048,-12.179027677433542,Nematocyte-related,Epidermal/Muscle-related
4854,3288,12.178713520504408,Nematocyte-related,Neural-related
4821,2870,-12.177938696193573,Epidermal/Muscle-related,Nematocyte-related
4821,140,12.17227180140006,Epidermal/Muscle-related,Nematocyte-related
4855,4822,12.172052740402469,Nematocyte-related,Neural-related
4981,5903,-12.170074584920108,Nematocyte-related,Nematocyte-related
4848,812,-12.167226247735995,Nematocyte-related,Nematocyte-related
4855,6588,12.164786924401124,Nematocyte-related,Epidermal/Muscle-related
4990,5397,-12.163806133734175,Nematocyte-related,Nematocyte-related
4855,940,-12.16380516468551,Nematocyte-related,Epidermal/Muscle-related
4913,3289,12.162698477448842,Neural-related,Neural-related
4901,1922,12.158406084508384,Nematocyte-related,Neural-related
4785,5903,12.155719069059737,Neural-related,Nematocyte-related
4981,1562,-12.153677985728583,Nematocyte-related,Epidermal/Muscle-related
4968,1856,12.152815175903102,Nematocyte-related,Nematocyte-related
4855,2603,-12.15192258163941,Nematocyte-related,Nematocyte-related
4991,2019,12.151631642216246,Neural-related,Nematocyte-related
4771,6106,12.1493977045301,Nematocyte-related,Epidermal/Muscle-related
4771,3654,-12.148785305420471,Nematocyte-related,Epidermal/Muscle-related
4855,6209,12.148373804946223,Nematocyte-related,Nematocyte-related
4863,2309,-12.147100882983338,Nematocyte-related,Epidermal/Muscle-related
4851,5624,-12.141687096493818,Neural-related,Epidermal/Muscle-related
4968,2824,-12.13446974769843,Nematocyte-related,Nematocyte-related
4821,2019,12.13262083089256,Epidermal/Muscle-related,Nematocyte-related
4990,6819,-12.132526196282221,Nematocyte-related,Epidermal/Muscle-related
4928,5624,-12.127160544140844,Nematocyte-related,Epidermal/Muscle-related
4455,5424,12.12359281127415,Nematocyte-related,Nematocyte-related
4854,6360,12.111022357633196,Nematocyte-related,Nematocyte-related
4855,5624,12.11094138045108,Nematocyte-related,Epidermal/Muscle-related
4981,2653,12.110034622518066,Nematocyte-related,Nematocyte-related
4763,328,12.104829882454458,Neural-related,Neural-related
4968,2019,-12.095938996329606,Nematocyte-related,Nematocyte-related
4925,5979,-12.091178179032738,Epidermal/Muscle-related,Epidermal/Muscle-related
4964,846,-12.09110141782685,Nematocyte-related,Nematocyte-related
4855,3195,12.089892514811648,Nematocyte-related,Nematocyte-related
4821,6473,-12.0877537341494,Epidermal/Muscle-related,Epidermal/Muscle-related
4821,6514,-12.086689707193287,Epidermal/Muscle-related,Epidermal/Muscle-related
4981,2824,-12.08554264413886,Nematocyte-related,Nematocyte-related
4981,2059,-12.083842112673462,Nematocyte-related,Epidermal/Muscle-related
4717,2309,12.08173600363854,Nematocyte-related,Epidermal/Muscle-related
4760,4229,-12.079941643142872,Neural-related,Nematocyte-related
4994,5624,12.076236713309543,Neural-related,Epidermal/Muscle-related
4831,5385,-12.071885545676768,Nematocyte-related,Epidermal/Muscle-related
4981,674,-12.069536410657648,Nematocyte-related,Epidermal/Muscle-related
4901,2999,12.069375072232427,Nematocyte-related,Epidermal/Muscle-related
4994,555,12.068219937239515,Neural-related,Epidermal/Muscle-related
4821,2936,-12.064715841528717,Epidermal/Muscle-related,Epidermal/Muscle-related
4981,1222,12.058956065465196,Nematocyte-related,Epidermal/Muscle-related
4981,6854,-12.053028827458593,Nematocyte-related,Epidermal/Muscle-related
4821,3785,12.051453251463169,Epidermal/Muscle-related,Nematocyte-related
4688,4334,12.048561143213428,Epidermal/Muscle-related,Nematocyte-related
4889,4822,12.046971320245849,Nematocyte-related,Neural-related
4971,2999,-12.04641879289955,Nematocyte-related,Epidermal/Muscle-related
4981,1931,12.045979113658914,Nematocyte-related,Nematocyte-related
4951,3289,12.039783151630465,Neural-related,Neural-related
4981,3752,12.038702223561653,Nematocyte-related,Neural-related
4821,949,-12.037345197938793,Epidermal/Muscle-related,Epidermal/Muscle-related
4909,2102,12.03169853308556,Nematocyte-related,Epidermal/Muscle-related
4771,604,-12.029688091967065,Nematocyte-related,Epidermal/Muscle-related
4821,1092,12.025619005495898,Epidermal/Muscle-related,Epidermal/Muscle-related
4771,4050,12.025243769195612,Nematocyte-related,Epidermal/Muscle-related
4771,935,-12.025203804497902,Nematocyte-related,Nematocyte-related
4863,3193,-12.024880149489876,Nematocyte-related,Neural-related
4925,674,12.024446527988934,Epidermal/Muscle-related,Epidermal/Muscle-related
4855,6168,-12.022293252456212,Nematocyte-related,Nematocyte-related
4785,442,12.018932200353401,Neural-related,Neural-related
4785,1223,12.016265272625787,Neural-related,Epidermal/Muscle-related
4771,2182,12.014465356725664,Nematocyte-related,Epidermal/Muscle-related
4699,185,12.014245823412468,Epidermal/Muscle-related,Neural-related
4771,1295,-12.007126193277788,Nematocyte-related,Nematocyte-related
4640,2194,-12.002962488637504,Nematocyte-related,Epidermal/Muscle-related
4889,5624,12.001012649828755,Nematocyte-related,Epidermal/Muscle-related
4901,4091,12.000105864945361,Nematocyte-related,Epidermal/Muscle-related
4928,5424,-11.999123558003111,Nematocyte-related,Nematocyte-related
4981,251,11.998864132023327,Nematocyte-related,Epidermal/Muscle-related
4441,5424,11.998340371706826,Neural-related,Nematocyte-related
4855,2035,-11.9949942676595,Nematocyte-related,Epidermal/Muscle-related
4981,3923,-11.993146410674978,Nematocyte-related,Epidermal/Muscle-related
4699,2188,11.99074273560849,Epidermal/Muscle-related,Epidermal/Muscle-related
4771,3025,11.989701881903517,Nematocyte-related,Epidermal/Muscle-related
4855,5459,11.989182541882341,Nematocyte-related,Neural-related
4831,5459,-11.982639067725888,Nematocyte-related,Neural-related
4771,6105,11.981941721901286,Nematocyte-related,Epidermal/Muscle-related
4688,796,11.981811852068212,Epidermal/Muscle-related,Epidermal/Muscle-related
4889,150,11.978593176892137,Nematocyte-related,Nematocyte-related
4496,577,-11.978035814045805,Epidermal/Muscle-related,Epidermal/Muscle-related
4869,2043,11.977072921860824,Epidermal/Muscle-related,Epidermal/Muscle-related
4925,251,-11.976581057883296,Epidermal/Muscle-related,Epidermal/Muscle-related
4981,2125,11.973974042841906,Nematocyte-related,Epidermal/Muscle-related
4978,5418,-11.968581785304705,Nematocyte-related,Nematocyte-related
4990,2043,-11.96680069204852,Nematocyte-related,Epidermal/Muscle-related
4925,880,-11.96389245310068,Epidermal/Muscle-related,Nematocyte-related
4855,1092,11.962815431507511,Nematocyte-related,Epidermal/Muscle-related
4855,5102,-11.96274630833932,Nematocyte-related,Nematocyte-related
4968,693,11.960900771174806,Nematocyte-related,Epidermal/Muscle-related
4855,5577,-11.958966198296533,Nematocyte-related,Nematocyte-related
4764,3380,11.958417106819581,Nematocyte-related,Nematocyte-related
4981,2522,11.957411318682547,Nematocyte-related,Nematocyte-related
4925,3333,-11.954853434842795,Epidermal/Muscle-related,Epidermal/Muscle-related
4972,3195,-11.954448198317465,Nematocyte-related,Nematocyte-related
4821,639,-11.95330548391558,Epidermal/Muscle-related,Epidermal/Muscle-related
4855,5718,11.950239282692168,Nematocyte-related,Epidermal/Muscle-related
4760,2019,-11.947662334173723,Neural-related,Nematocyte-related
4925,940,-11.946001155762682,Epidermal/Muscle-related,Epidermal/Muscle-related
4441,3289,11.944985384006614,Neural-related,Neural-related
4854,577,-11.94466644072748,Nematocyte-related,Epidermal/Muscle-related
4981,4091,-11.943151156466916,Nematocyte-related,Epidermal/Muscle-related
4981,398,11.941516105596197,Nematocyte-related,Epidermal/Muscle-related
4855,4836,-11.932094943575905,Nematocyte-related,Neural-related
4855,1175,-11.927943693807652,Nematocyte-related,Nematocyte-related
4760,6822,-11.924757287531715,Neural-related,Nematocyte-related
4855,670,11.92463819484526,Nematocyte-related,Epidermal/Muscle-related
4925,2035,-11.92125322045219,Epidermal/Muscle-related,Epidermal/Muscle-related
4981,948,11.921049110244093,Nematocyte-related,Epidermal/Muscle-related
4925,2993,-11.919429179328672,Epidermal/Muscle-related,Epidermal/Muscle-related
4925,4727,-11.91889550239123,Epidermal/Muscle-related,Nematocyte-related
4821,496,11.918688290379055,Epidermal/Muscle-related,Epidermal/Muscle-related
4821,2508,-11.915548604470573,Epidermal/Muscle-related,Epidermal/Muscle-related
4316,4727,11.913332922471009,Nematocyte-related,Nematocyte-related
4925,673,-11.912958205447385,Epidermal/Muscle-related,Epidermal/Muscle-related
4981,31,11.912256737290239,Nematocyte-related,Epidermal/Muscle-related
4688,3048,-11.910962602218746,Epidermal/Muscle-related,Epidermal/Muscle-related
4854,6223,11.91043307738294,Nematocyte-related,Epidermal/Muscle-related
4991,2090,-11.909647602935435,Neural-related,Nematocyte-related
4688,6608,11.902878253081594,Epidermal/Muscle-related,Epidermal/Muscle-related
4380,918,-11.899776632534,Nematocyte-related,Epidermal/Muscle-related
4821,4091,11.899071451884536,Epidermal/Muscle-related,Epidermal/Muscle-related
4699,97,11.895951777971199,Epidermal/Muscle-related,Nematocyte-related
4855,4050,11.893822867979246,Nematocyte-related,Epidermal/Muscle-related
4981,2634,11.8886786562601,Nematocyte-related,Epidermal/Muscle-related
4785,3960,11.886075302557522,Neural-related,Nematocyte-related
4981,4424,-11.885504078581702,Nematocyte-related,Nematocyte-related
4981,604,11.884738359277637,Nematocyte-related,Epidermal/Muscle-related
4789,3193,11.884090642881633,Nematocyte-related,Neural-related
4785,2183,-11.881721971391418,Neural-related,Epidermal/Muscle-related
4885,5749,11.878389416640946,Epidermal/Muscle-related,Epidermal/Muscle-related
4821,3099,-11.876254088437978,Epidermal/Muscle-related,Nematocyte-related
4855,4065,11.876174887370675,Nematocyte-related,Nematocyte-related
4688,2090,11.876113116393078,Epidermal/Muscle-related,Nematocyte-related
4771,5657,11.873547970732854,Nematocyte-related,Nematocyte-related
4928,2309,-11.87031989855861,Nematocyte-related,Epidermal/Muscle-related
4655,2933,11.869607567200976,Nematocyte-related,Nematocyte-related
4760,3924,-11.866478710901976,Neural-related,Epidermal/Muscle-related
4776,5424,11.863339915098486,Nematocyte-related,Nematocyte-related
4760,555,-11.856718964099818,Neural-related,Epidermal/Muscle-related
4855,1754,-11.856028928191838,Nematocyte-related,Epidermal/Muscle-related
4760,6223,-11.853155478312477,Neural-related,Epidermal/Muscle-related
4981,5674,11.850595753685388,Nematocyte-related,Epidermal/Muscle-related
4854,981,11.848117519428044,Nematocyte-related,Epidermal/Muscle-related
4981,6065,-11.847995697566363,Nematocyte-related,Nematocyte-related
4844,555,11.846683529644563,Neural-related,Epidermal/Muscle-related
4821,4520,11.844110853645288,Epidermal/Muscle-related,Nematocyte-related
4760,2302,-11.844083815125792,Neural-related,Nematocyte-related
4990,3066,-11.841906673491033,Nematocyte-related,Neural-related
4925,4598,11.83501113183462,Epidermal/Muscle-related,Nematocyte-related
4416,298,-11.833171655212572,Epidermal/Muscle-related,Neural-related
4854,4727,-11.830390275965843,Nematocyte-related,Nematocyte-related
4928,3289,-11.830027361478733,Nematocyte-related,Neural-related
4981,1477,-11.82963237473536,Nematocyte-related,Epidermal/Muscle-related
4925,467,-11.829209794596824,Epidermal/Muscle-related,Epidermal/Muscle-related
4869,4006,11.824650717626366,Epidermal/Muscle-related,Neural-related
4527,5749,-11.820145891134812,Nematocyte-related,Epidermal/Muscle-related
4771,995,11.819732483340925,Nematocyte-related,Epidermal/Muscle-related
4380,5836,-11.80999228490829,Nematocyte-related,Epidermal/Muscle-related
4821,692,-11.80864863974431,Epidermal/Muscle-related,Neural-related
4771,1364,-11.806111082596514,Nematocyte-related,Nematocyte-related
4771,5577,-11.805540215200937,Nematocyte-related,Nematocyte-related
4981,2262,11.802300480164845,Nematocyte-related,Epidermal/Muscle-related
4771,440,-11.80076170187051,Nematocyte-related,Epidermal/Muscle-related
4316,3096,-11.797411165910516,Nematocyte-related,Epidermal/Muscle-related
4760,5238,-11.79687925083406,Neural-related,Nematocyte-related
4771,6155,11.796150977619082,Nematocyte-related,Epidermal/Muscle-related
4925,6850,11.79480515206656,Epidermal/Muscle-related,Epidermal/Muscle-related
4855,4466,-11.793493866446534,Nematocyte-related,Nematocyte-related
4968,95,-11.790811564435218,Nematocyte-related,Epidermal/Muscle-related
4928,4822,-11.788884525418531,Nematocyte-related,Neural-related
4771,3752,-11.787528092058984,Nematocyte-related,Neural-related
4981,1175,11.787402079347201,Nematocyte-related,Nematocyte-related
4855,440,-11.784805135399974,Nematocyte-related,Epidermal/Muscle-related
4699,5836,11.783699671798237,Epidermal/Muscle-related,Epidermal/Muscle-related
4855,995,11.778438457893206,Nematocyte-related,Epidermal/Muscle-related
4991,2394,11.777171180112546,Neural-related,Nematocyte-related
4889,1877,11.775366363873532,Nematocyte-related,Nematocyte-related
4855,935,-11.774926903335695,Nematocyte-related,Nematocyte-related
4990,6921,-11.774864112100198,Nematocyte-related,Epidermal/Muscle-related
4901,1856,-11.773537614391342,Nematocyte-related,Nematocyte-related
4441,838,11.771844409943093,Neural-related,Epidermal/Muscle-related
4854,2019,11.771142934151907,Nematocyte-related,Nematocyte-related
4991,2918,-11.768557846107027,Neural-related,Nematocyte-related
4981,5577,11.764378361074332,Nematocyte-related,Nematocyte-related
4901,4050,11.76131802590033,Nematocyte-related,Epidermal/Muscle-related
4882,4244,-11.761259977124398,Nematocyte-related,Epidermal/Muscle-related
4981,1563,-11.760129274658786,Nematocyte-related,Epidermal/Muscle-related
4925,6514,-11.745371477866518,Epidermal/Muscle-related,Epidermal/Muscle-related
4855,3372,11.743757841839066,Nematocyte-related,Nematocyte-related
4855,6763,11.742891897333733,Nematocyte-related,Neural-related
4740,3096,-11.742485249174573,Nematocyte-related,Epidermal/Muscle-related
4821,1094,-11.741141487477966,Epidermal/Muscle-related,Epidermal/Muscle-related
4981,1898,-11.74107735005497,Nematocyte-related,Nematocyte-related
4981,540,11.741062620753338,Nematocyte-related,Epidermal/Muscle-related
4990,812,11.739455489849279,Nematocyte-related,Nematocyte-related
4640,5836,-11.734191892558368,Nematocyte-related,Epidermal/Muscle-related
4821,3403,-11.733588100277888,Epidermal/Muscle-related,Nematocyte-related
4925,2132,-11.72972953216084,Epidermal/Muscle-related,Nematocyte-related
4380,1504,11.728917062413514,Nematocyte-related,Epidermal/Muscle-related
4901,2438,11.727236346108027,Nematocyte-related,Nematocyte-related
4991,6259,-11.726396808383713,Neural-related,Neural-related
4527,1013,-11.726064116645107,Nematocyte-related,Nematocyte-related
4821,2125,-11.723300819701484,Epidermal/Muscle-related,Epidermal/Muscle-related
4971,838,-11.722930617941396,Nematocyte-related,Epidermal/Muscle-related
4764,194,-11.722022287009906,Nematocyte-related,Epidermal/Muscle-related
4855,1156,11.720337164274083,Nematocyte-related,Nematocyte-related
4981,2971,11.719748666361744,Nematocyte-related,Nematocyte-related
4821,679,-11.717848870350318,Epidermal/Muscle-related,Epidermal/Muscle-related
4771,2474,11.717090183596094,Nematocyte-related,Nematocyte-related
4764,3064,11.717017185914177,Nematocyte-related,Neural-related
4981,2205,-11.713765302481564,Nematocyte-related,Epidermal/Muscle-related
4925,2040,-11.713007722890111,Epidermal/Muscle-related,Epidermal/Muscle-related
4760,1686,-11.712362302428104,Neural-related,Epidermal/Muscle-related
4740,2309,-11.709104826704317,Nematocyte-related,Epidermal/Muscle-related
4861,3193,-11.708194733100294,Nematocyte-related,Neural-related
4771,5810,-11.70657702546418,Nematocyte-related,Nematocyte-related
4855,3590,11.704645071079431,Nematocyte-related,Epidermal/Muscle-related
4764,3096,11.70294904571936,Nematocyte-related,Epidermal/Muscle-related
4981,1964,11.70255939524482,Nematocyte-related,Epidermal/Muscle-related
4968,5359,-11.701124252803027,Nematocyte-related,Neural-related
4990,5287,-11.700802661082058,Nematocyte-related,Nematocyte-related
4455,846,11.69919976083257,Nematocyte-related,Nematocyte-related
4821,6105,11.698587871558148,Epidermal/Muscle-related,Epidermal/Muscle-related
4855,2394,11.691960074389085,Nematocyte-related,Nematocyte-related
4496,2262,-11.691549608759756,Epidermal/Muscle-related,Epidermal/Muscle-related
4855,6317,-11.688274876617415,Nematocyte-related,Nematocyte-related
4925,1203,-11.687208322560542,Epidermal/Muscle-related,Epidermal/Muscle-related
4925,3111,-11.686613232701522,Epidermal/Muscle-related,Nematocyte-related
4764,6588,11.68156956227861,Nematocyte-related,Epidermal/Muscle-related
4452,812,11.681542998093514,Neural-related,Nematocyte-related
4981,651,11.679421253168435,Nematocyte-related,Epidermal/Muscle-related
4968,881,-11.677959186683772,Nematocyte-related,Nematocyte-related
4978,4244,-11.676684369626246,Nematocyte-related,Epidermal/Muscle-related
4771,918,-11.67660345850152,Nematocyte-related,Epidermal/Muscle-related
4855,6106,11.674438437723268,Nematocyte-related,Epidermal/Muscle-related
4925,424,11.673702938525613,Epidermal/Muscle-related,Neural-related
4994,2307,11.670288110077307,Neural-related,Neural-related
4785,2446,11.667720654766018,Neural-related,Epidermal/Muscle-related
4981,1260,11.660541555078598,Nematocyte-related,Epidermal/Muscle-related
4981,3713,11.659657667639348,Nematocyte-related,Nematocyte-related
4771,3924,11.659061901206519,Nematocyte-related,Epidermal/Muscle-related
4981,2182,-11.65824119706301,Nematocyte-related,Epidermal/Muscle-related
4771,4512,-11.658174615675433,Nematocyte-related,Epidermal/Muscle-related
4760,3654,11.657099795395217,Neural-related,Epidermal/Muscle-related
4740,6608,11.655395185848874,Nematocyte-related,Epidermal/Muscle-related
4771,5435,11.655323495360156,Nematocyte-related,Neural-related
4740,4334,11.654795066227845,Nematocyte-related,Nematocyte-related
4990,6134,-11.645818338528615,Nematocyte-related,Epidermal/Muscle-related
4981,344,11.645686669714863,Nematocyte-related,Neural-related
4925,2503,-11.645558979052435,Epidermal/Muscle-related,Epidermal/Muscle-related
4771,5718,11.644825625562016,Nematocyte-related,Epidermal/Muscle-related
4771,4078,-11.644491064550998,Nematocyte-related,Epidermal/Muscle-related
4496,1013,-11.644302404456136,Epidermal/Muscle-related,Nematocyte-related
4821,5144,-11.641431248938606,Epidermal/Muscle-related,Epidermal/Muscle-related
4992,3289,-11.639975538454959,Neural-related,Neural-related
4821,1932,11.639586745743875,Epidermal/Muscle-related,Nematocyte-related
4821,6050,11.637245009483543,Epidermal/Muscle-related,Epidermal/Muscle-related
4925,79,-11.634300433109258,Epidermal/Muscle-related,Nematocyte-related
4886,4244,-11.63318849348312,Epidermal/Muscle-related,Epidermal/Muscle-related
4861,5624,-11.63307394808427,Nematocyte-related,Epidermal/Muscle-related
4991,1172,-11.632394576441797,Neural-related,Nematocyte-related
4968,2182,-11.631383934537201,Nematocyte-related,Epidermal/Muscle-related
4760,693,11.628896905814296,Neural-related,Epidermal/Muscle-related
4968,2513,-11.62706737644727,Nematocyte-related,Epidermal/Muscle-related
4981,1203,11.626200669840355,Nematocyte-related,Epidermal/Muscle-related
4889,5424,11.625407935217163,Nematocyte-related,Nematocyte-related
4771,446,-11.623822471139619,Nematocyte-related,Epidermal/Muscle-related
4995,5573,-11.623662046367038,Epidermal/Muscle-related,Epidermal/Muscle-related
4785,7042,11.623454524444846,Neural-related,Epidermal/Muscle-related
4855,6108,11.62196829157411,Nematocyte-related,Nematocyte-related
4771,1477,11.620369376331789,Nematocyte-related,Epidermal/Muscle-related
4882,3288,-11.619491293514507,Nematocyte-related,Neural-related
4855,1050,-11.61920207652491,Nematocyte-related,Epidermal/Muscle-related
4901,6105,11.617250587124879,Nematocyte-related,Epidermal/Muscle-related
4538,4256,-11.614629514821198,Epidermal/Muscle-related,Nematocyte-related
4821,5466,-11.611662603690176,Epidermal/Muscle-related,Epidermal/Muscle-related
4923,2307,11.609965933560726,Nematocyte-related,Neural-related
4760,846,-11.60945303519399,Neural-related,Nematocyte-related
4655,6238,11.605832840764867,Nematocyte-related,Epidermal/Muscle-related
4981,2050,11.604987184596684,Nematocyte-related,Nematocyte-related
4889,2307,11.59699355755113,Nematocyte-related,Neural-related
4785,2767,11.596651672561865,Neural-related,Epidermal/Muscle-related
4925,540,-11.596351637259628,Epidermal/Muscle-related,Epidermal/Muscle-related
4854,2090,-11.594910666575434,Nematocyte-related,Nematocyte-related
4732,2394,-11.594084360219922,Nematocyte-related,Nematocyte-related
4579,2102,11.591604175401885,Neural-related,Epidermal/Muscle-related
4981,2953,11.590006982067308,Nematocyte-related,Epidermal/Muscle-related
4855,1352,11.588644580311362,Nematocyte-related,Epidermal/Muscle-related
4316,3288,-11.584559954831088,Nematocyte-related,Neural-related
4901,2302,11.580511103660358,Nematocyte-related,Nematocyte-related
4990,427,-11.57760142737577,Nematocyte-related,Epidermal/Muscle-related
4882,2309,-11.57729026487248,Nematocyte-related,Epidermal/Muscle-related
4760,2077,-11.576359973650671,Neural-related,Epidermal/Muscle-related
4688,357,11.57054251666718,Epidermal/Muscle-related,Neural-related
4455,2309,11.568500037610999,Nematocyte-related,Epidermal/Muscle-related
4380,2102,-11.56783506414569,Nematocyte-related,Epidermal/Muscle-related
4992,3193,-11.56696834848872,Neural-related,Neural-related
4981,204,11.56675981124484,Nematocyte-related,Epidermal/Muscle-related
4981,5238,-11.563505300931004,Nematocyte-related,Nematocyte-related
4981,3807,-11.561561603007945,Nematocyte-related,Nematocyte-related
4889,4256,11.561074257098042,Nematocyte-related,Nematocyte-related
4981,2795,-11.560798654993109,Nematocyte-related,Epidermal/Muscle-related
4861,3289,-11.559984068346793,Nematocyte-related,Neural-related
4981,956,11.559152508739716,Nematocyte-related,Neural-related
4821,3138,11.557802748683853,Epidermal/Muscle-related,Epidermal/Muscle-related
4855,1172,-11.555553257412576,Nematocyte-related,Nematocyte-related
4854,4229,11.554950590813075,Nematocyte-related,Nematocyte-related
4990,3157,-11.55224792527712,Nematocyte-related,Epidermal/Muscle-related
4771,4466,-11.55193162027525,Nematocyte-related,Nematocyte-related
4889,5903,11.55012957079136,Nematocyte-related,Nematocyte-related
4763,4334,11.549996414661516,Neural-related,Nematocyte-related
4760,5460,-11.549989382020787,Neural-related,Nematocyte-related
4925,2019,11.549182019874975,Epidermal/Muscle-related,Nematocyte-related
4760,3201,-11.54908196967007,Neural-related,Epidermal/Muscle-related
4760,2326,11.545961323440878,Neural-related,Epidermal/Muscle-related
4854,6074,11.543386563389154,Nematocyte-related,Epidermal/Muscle-related
4655,4256,11.539737031252816,Nematocyte-related,Nematocyte-related
4889,5718,11.539033182991036,Nematocyte-related,Epidermal/Muscle-related
4855,5599,-11.538028914752683,Nematocyte-related,Nematocyte-related
4771,283,-11.53744060672083,Nematocyte-related,Neural-related
4854,4244,11.52982744339324,Nematocyte-related,Epidermal/Muscle-related
4699,6919,11.528112673798992,Epidermal/Muscle-related,Epidermal/Muscle-related
4760,4822,-11.526817468837097,Neural-related,Neural-related
4821,4719,-11.526330387584462,Epidermal/Muscle-related,Nematocyte-related
4968,5847,11.526130644573522,Nematocyte-related,Nematocyte-related
4925,1862,-11.519749322293261,Epidermal/Muscle-related,Epidermal/Muscle-related
4925,5512,-11.517558195149407,Epidermal/Muscle-related,Epidermal/Muscle-related
4981,3136,11.515300211503916,Nematocyte-related,Epidermal/Muscle-related
4854,1877,11.515181962339518,Nematocyte-related,Nematocyte-related
4771,3590,11.514200811024944,Nematocyte-related,Epidermal/Muscle-related
4990,607,-11.514139134822388,Nematocyte-related,Epidermal/Muscle-related
4316,6223,-11.51329522024525,Nematocyte-related,Epidermal/Muscle-related
4994,280,11.512556745732951,Neural-related,Nematocyte-related
4771,204,-11.5088622384038,Nematocyte-related,Epidermal/Muscle-related
4889,5048,11.507767052289697,Nematocyte-related,Nematocyte-related
4854,1455,11.507344699797759,Nematocyte-related,Epidermal/Muscle-related
4821,7080,11.506519093535466,Epidermal/Muscle-related,Epidermal/Muscle-related
4496,424,11.506284341703536,Epidermal/Muscle-related,Neural-related
4990,5224,-11.505301632222452,Nematocyte-related,Epidermal/Muscle-related
4640,6919,-11.504693753038646,Nematocyte-related,Epidermal/Muscle-related
4981,6827,-11.500664294449447,Nematocyte-related,Neural-related
4771,266,-11.499295746441035,Nematocyte-related,Epidermal/Muscle-related
4771,5102,-11.498738553424392,Nematocyte-related,Nematocyte-related
4923,4256,11.498638846994803,Nematocyte-related,Nematocyte-related
4882,4822,-11.497084783791442,Nematocyte-related,Neural-related
4854,4334,-11.496301755029505,Nematocyte-related,Nematocyte-related
4855,3744,11.494808885707728,Nematocyte-related,Epidermal/Muscle-related
4882,4050,-11.492132103262733,Nematocyte-related,Epidermal/Muscle-related
4381,846,-11.487144093111482,Epidermal/Muscle-related,Nematocyte-related
4785,3654,-11.486520889818767,Neural-related,Epidermal/Muscle-related
4699,2262,11.483274038597001,Epidermal/Muscle-related,Epidermal/Muscle-related
4855,412,-11.48234374616393,Nematocyte-related,Epidermal/Muscle-related
4640,577,-11.482114398138316,Nematocyte-related,Epidermal/Muscle-related
4925,692,-11.47979692097691,Epidermal/Muscle-related,Neural-related
4991,6608,-11.477881523837787,Neural-related,Epidermal/Muscle-related
4886,693,11.47726816820491,Epidermal/Muscle-related,Epidermal/Muscle-related
4771,670,11.475676169422023,Nematocyte-related,Epidermal/Muscle-related
4855,2474,11.47518109766559,Nematocyte-related,Nematocyte-related
4316,6360,-11.473910628036737,Nematocyte-related,Nematocyte-related
4972,5459,-11.473103187321389,Nematocyte-related,Neural-related
4821,2953,-11.471014057976905,Epidermal/Muscle-related,Epidermal/Muscle-related
4854,4822,11.462711419192122,Nematocyte-related,Neural-related
4981,3744,-11.462568521933415,Nematocyte-related,Epidermal/Muscle-related
4994,2043,11.461754694947981,Neural-related,Epidermal/Muscle-related
4855,918,-11.461587272490872,Nematocyte-related,Epidermal/Muscle-related
4855,5674,-11.458208282132905,Nematocyte-related,Epidermal/Muscle-related
4855,6411,-11.457199242796966,Nematocyte-related,Nematocyte-related
4990,1676,-11.456074204012255,Nematocyte-related,Nematocyte-related
4983,3289,-11.454368015031353,Nematocyte-related,Neural-related
4831,4006,-11.454110971675004,Nematocyte-related,Neural-related
4981,1091,-11.45394595434313,Nematocyte-related,Epidermal/Muscle-related
4863,4229,-11.453834348777555,Nematocyte-related,Nematocyte-related
4785,693,-11.45236182545967,Neural-related,Epidermal/Muscle-related
4981,2071,11.451513717030481,Nematocyte-related,Epidermal/Muscle-related
4990,298,-11.448266464911404,Nematocyte-related,Neural-related
4925,2068,-11.44607187736774,Epidermal/Muscle-related,Epidermal/Muscle-related
4964,3048,-11.445115089344172,Nematocyte-related,Epidermal/Muscle-related
4814,812,11.445028659495751,Neural-related,Nematocyte-related
4771,328,-11.44057481528919,Nematocyte-related,Neural-related
4983,1527,-11.440096414225557,Nematocyte-related,Nematocyte-related
4496,2102,-11.437142699198912,Epidermal/Muscle-related,Epidermal/Muscle-related
4991,940,-11.436637227066381,Neural-related,Epidermal/Muscle-related
4971,2019,-11.434393311860106,Nematocyte-related,Nematocyte-related
4981,2808,11.431715694742689,Nematocyte-related,Epidermal/Muscle-related
4925,1455,11.431613133947598,Epidermal/Muscle-related,Epidermal/Muscle-related
4814,357,-11.428937468938663,Neural-related,Neural-related
4771,3171,11.419994820271926,Nematocyte-related,Epidermal/Muscle-related
4764,4334,-11.417221756742228,Nematocyte-related,Nematocyte-related
4901,5811,11.41588106561601,Nematocyte-related,Epidermal/Muscle-related
4964,2650,-11.415330092995129,Nematocyte-related,Nematocyte-related
4990,2404,-11.413527866300434,Nematocyte-related,Epidermal/Muscle-related
4991,4018,11.413091301503359,Neural-related,Epidermal/Muscle-related
4983,2302,-11.41273186353118,Nematocyte-related,Nematocyte-related
4771,496,11.409878690215585,Nematocyte-related,Epidermal/Muscle-related
4785,5418,11.409046247719614,Neural-related,Nematocyte-related
4981,6763,-11.40887621703807,Nematocyte-related,Neural-related
4785,2967,11.408855388880205,Neural-related,Nematocyte-related
4990,1253,-11.407366044866537,Nematocyte-related,Nematocyte-related
4821,2838,11.405708216569433,Epidermal/Muscle-related,Neural-related
4785,150,11.403286859468107,Neural-related,Nematocyte-related
4968,796,11.403155884256211,Nematocyte-related,Epidermal/Muscle-related
4740,3048,-11.402863301031546,Nematocyte-related,Epidermal/Muscle-related
4886,1922,-11.402774211185351,Epidermal/Muscle-related,Neural-related
4981,2153,11.40266301319088,Nematocyte-related,Epidermal/Muscle-related
4760,3096,-11.400670784572535,Neural-related,Epidermal/Muscle-related
4981,201,11.399125017275889,Nematocyte-related,Epidermal/Muscle-related
4821,3923,11.398912813590346,Epidermal/Muscle-related,Epidermal/Muscle-related
4983,2443,-11.39771793153952,Nematocyte-related,Nematocyte-related
4771,6168,-11.396731310266336,Nematocyte-related,Nematocyte-related
4771,3197,11.396723979140214,Nematocyte-related,Nematocyte-related
4771,2846,-11.393575234010019,Nematocyte-related,Epidermal/Muscle-related
4981,2471,-11.39354408748349,Nematocyte-related,Epidermal/Muscle-related
4925,1092,11.393266180737747,Epidermal/Muscle-related,Epidermal/Muscle-related
4821,443,-11.39248862714615,Epidermal/Muscle-related,Neural-related
4640,2262,-11.390171407083933,Nematocyte-related,Epidermal/Muscle-related
4855,5512,-11.388695268792187,Nematocyte-related,Epidermal/Muscle-related
4821,6793,-11.388561787838123,Epidermal/Muscle-related,Epidermal/Muscle-related
4981,2359,11.38098172767375,Nematocyte-related,Epidermal/Muscle-related
4855,1554,-11.380424149171779,Nematocyte-related,Epidermal/Muscle-related
4928,2394,-11.378494667052838,Nematocyte-related,Nematocyte-related
4771,4615,11.378269839818788,Nematocyte-related,Neural-related
4882,846,-11.376512292511975,Nematocyte-related,Nematocyte-related
4771,1898,11.37353110212268,Nematocyte-related,Nematocyte-related
4771,1554,-11.372920017475927,Nematocyte-related,Epidermal/Muscle-related
4855,544,-11.370499129838361,Nematocyte-related,Epidermal/Muscle-related
4771,2513,11.370322200235977,Nematocyte-related,Epidermal/Muscle-related
4821,282,-11.369643406898016,Epidermal/Muscle-related,Neural-related
4771,6763,11.369199732443239,Nematocyte-related,Neural-related
4863,3048,-11.360448084077126,Nematocyte-related,Epidermal/Muscle-related
4968,1223,-11.358703096922433,Nematocyte-related,Epidermal/Muscle-related
4971,846,-11.355493641690211,Nematocyte-related,Nematocyte-related
4994,5749,11.353977121781131,Neural-related,Epidermal/Muscle-related
4740,796,11.353940642934976,Nematocyte-related,Epidermal/Muscle-related
4798,2309,11.352321341878167,Nematocyte-related,Epidermal/Muscle-related
4889,3815,-11.350519820826065,Nematocyte-related,Nematocyte-related
4964,2326,11.350385177885753,Nematocyte-related,Epidermal/Muscle-related
4978,1922,-11.34974360501497,Nematocyte-related,Neural-related
4831,6238,-11.34959179043893,Nematocyte-related,Epidermal/Muscle-related
4990,5749,-11.348270962287563,Nematocyte-related,Epidermal/Muscle-related
4855,6822,11.347974684312288,Nematocyte-related,Nematocyte-related
4925,356,-11.347903746585613,Epidermal/Muscle-related,Neural-related
4863,4822,-11.345950912454716,Nematocyte-related,Neural-related
4981,1583,-11.345317340170723,Nematocyte-related,Epidermal/Muscle-related
4882,2119,-11.340171257054136,Nematocyte-related,Epidermal/Muscle-related
4978,2182,-11.339034891998711,Nematocyte-related,Epidermal/Muscle-related
4981,2993,11.338443055691899,Nematocyte-related,Epidermal/Muscle-related
4984,2309,11.337616331182023,Epidermal/Muscle-related,Epidermal/Muscle-related
4640,79,-11.334372602032957,Nematocyte-related,Nematocyte-related
4763,4727,11.33406075513799,Neural-related,Nematocyte-related
4991,4675,-11.333816567080312,Neural-related,Epidermal/Muscle-related
4925,4795,-11.332236442662584,Epidermal/Muscle-related,Nematocyte-related
4831,357,-11.331660543179956,Nematocyte-related,Neural-related
4771,1260,-11.33090474366435,Nematocyte-related,Epidermal/Muscle-related
4831,2933,-11.329501414607968,Nematocyte-related,Nematocyte-related
4855,3654,-11.327104224770904,Nematocyte-related,Epidermal/Muscle-related
4901,5688,11.323570070106523,Nematocyte-related,Epidermal/Muscle-related
4923,5459,11.323440963187798,Nematocyte-related,Neural-related
4983,2513,-11.32301170425776,Nematocyte-related,Epidermal/Muscle-related
4381,2309,-11.322339936657968,Epidermal/Muscle-related,Epidermal/Muscle-related
4496,2309,11.32228757596949,Epidermal/Muscle-related,Epidermal/Muscle-related
4455,3289,11.32180748649244,Nematocyte-related,Neural-related
4981,2916,-11.32124532407023,Nematocyte-related,Nematocyte-related
4855,2438,11.319413040469698,Nematocyte-related,Nematocyte-related
4855,3073,-11.318347498975431,Nematocyte-related,Nematocyte-related
4981,3833,11.317180262512734,Nematocyte-related,Neural-related
4821,1340,-11.314595972233164,Epidermal/Muscle-related,Epidermal/Muscle-related
4991,5424,11.31415746891364,Neural-related,Nematocyte-related
4863,6223,-11.31322312546372,Nematocyte-related,Epidermal/Muscle-related
4882,333,-11.31280674522192,Nematocyte-related,Epidermal/Muscle-related
4978,5624,-11.31236736675681,Nematocyte-related,Epidermal/Muscle-related
4991,1455,11.311097875201373,Neural-related,Epidermal/Muscle-related
4819,6919,11.310535948544326,Nematocyte-related,Epidermal/Muscle-related
4981,1976,11.31051255326301,Nematocyte-related,Neural-related
4771,2059,11.309386103234967,Nematocyte-related,Epidermal/Muscle-related
4771,5612,11.308589455351148,Nematocyte-related,Epidermal/Muscle-related
4316,981,-11.307925072753624,Nematocyte-related,Epidermal/Muscle-related
4527,577,-11.306195536516762,Nematocyte-related,Epidermal/Muscle-related
4854,2918,-11.30615247060804,Nematocyte-related,Nematocyte-related
4771,2148,-11.306116310251177,Nematocyte-related,Epidermal/Muscle-related
4855,2182,11.304983587919704,Nematocyte-related,Epidermal/Muscle-related
4821,6360,11.304943787679159,Epidermal/Muscle-related,Nematocyte-related
4861,555,-11.30241528832628,Nematocyte-related,Epidermal/Muscle-related
4869,5359,11.301795065808971,Epidermal/Muscle-related,Neural-related
4964,4334,11.301633460392978,Nematocyte-related,Nematocyte-related
4991,5563,11.298791894547387,Neural-related,Epidermal/Muscle-related
4855,1222,-11.298434775897567,Nematocyte-related,Epidermal/Muscle-related
4821,3069,-11.295336364709005,Epidermal/Muscle-related,Nematocyte-related
4925,97,-11.291266387889177,Epidermal/Muscle-related,Nematocyte-related
4760,2124,-11.286805785178013,Neural-related,Epidermal/Muscle-related
4855,1964,-11.28659528631415,Nematocyte-related,Epidermal/Muscle-related
4981,1170,-11.286232518310312,Nematocyte-related,Neural-related
4981,1156,-11.28592387825911,Nematocyte-related,Nematocyte-related
4964,918,11.285898717457336,Nematocyte-related,Epidermal/Muscle-related
4981,2826,-11.285377554227228,Nematocyte-related,Nematocyte-related
4821,537,11.284802132127254,Epidermal/Muscle-related,Epidermal/Muscle-related
4798,1504,11.283923825455227,Nematocyte-related,Epidermal/Muscle-related
4771,2132,-11.282396662272163,Nematocyte-related,Nematocyte-related
4991,5847,-11.282065442543033,Neural-related,Nematocyte-related
4740,5460,-11.281169037812804,Nematocyte-related,Nematocyte-related
4746,5624,-11.278893739407371,Nematocyte-related,Epidermal/Muscle-related
4968,5460,-11.277956657919512,Nematocyte-related,Nematocyte-related
4995,5360,-11.275445290165832,Epidermal/Muscle-related,Neural-related
4771,4869,-11.275376387339834,Nematocyte-related,Epidermal/Muscle-related
4821,547,-11.275053644812198,Epidermal/Muscle-related,Epidermal/Muscle-related
4796,1013,11.274028871261125,Nematocyte-related,Nematocyte-related
4983,4960,-11.272057431533314,Nematocyte-related,Nematocyte-related
4901,2019,11.271566544245387,Nematocyte-related,Nematocyte-related
4964,3096,-11.270517763872524,Nematocyte-related,Epidermal/Muscle-related
4760,3048,-11.270397082536574,Neural-related,Epidermal/Muscle-related
4863,4050,-11.269147010665309,Nematocyte-related,Epidermal/Muscle-related
4855,5418,11.26689091983057,Nematocyte-related,Nematocyte-related
4964,4675,11.266837015618162,Nematocyte-related,Epidermal/Muscle-related
4707,2043,-11.26678073163159,Neural-related,Epidermal/Muscle-related
4981,5974,-11.265582085467287,Nematocyte-related,Neural-related
4925,6819,-11.265332468700791,Epidermal/Muscle-related,Epidermal/Muscle-related
4971,4244,-11.265018731206407,Nematocyte-related,Epidermal/Muscle-related
4771,5302,-11.262389499948432,Nematocyte-related,Nematocyte-related
4655,5624,11.262378938799928,Nematocyte-related,Epidermal/Muscle-related
4771,3414,11.261484774012004,Nematocyte-related,Epidermal/Muscle-related
4760,2999,-11.260559473617588,Neural-related,Epidermal/Muscle-related
4981,2188,11.260200842181455,Nematocyte-related,Epidermal/Muscle-related
4760,3960,-11.260098970768082,Neural-related,Nematocyte-related
4889,2043,11.259820788254356,Nematocyte-related,Epidermal/Muscle-related
4760,6436,-11.257510956123653,Neural-related,Epidermal/Muscle-related
4981,5892,11.250793644146349,Nematocyte-related,Nematocyte-related
4981,4021,-11.25011575779907,Nematocyte-related,Epidermal/Muscle-related
4925,744,11.25008393911181,Epidermal/Muscle-related,Epidermal/Muscle-related
4901,3048,11.24950277441886,Nematocyte-related,Epidermal/Muscle-related
4855,3773,-11.248932542276705,Nematocyte-related,Epidermal/Muscle-related
4983,5435,-11.248289324578607,Nematocyte-related,Neural-related
4771,3372,11.247486767279362,Nematocyte-related,Nematocyte-related
4964,5460,-11.246932853673641,Nematocyte-related,Nematocyte-related
4983,2119,-11.246389575782349,Nematocyte-related,Epidermal/Muscle-related
4983,2100,-11.242287158148473,Nematocyte-related,Epidermal/Muscle-related
4760,6065,-11.241589321390709,Neural-related,Nematocyte-related
4968,442,-11.239219328677057,Nematocyte-related,Neural-related
4983,3863,-11.237792262323119,Nematocyte-related,Epidermal/Muscle-related
4901,1563,11.236824997702215,Nematocyte-related,Epidermal/Muscle-related
4990,3076,-11.236520836267756,Nematocyte-related,Epidermal/Muscle-related
4981,7141,11.235380568839172,Nematocyte-related,Neural-related
4994,7053,11.232089314036553,Neural-related,Epidermal/Muscle-related
4855,3713,-11.23164561484441,Nematocyte-related,Nematocyte-related
4991,3471,11.231229292269711,Neural-related,Neural-related
4854,2250,11.231140371801992,Nematocyte-related,Neural-related
4928,7042,-11.230816457205623,Nematocyte-related,Epidermal/Muscle-related
4688,5460,-11.226285515224,Epidermal/Muscle-related,Nematocyte-related
4771,5418,11.225884978514564,Nematocyte-related,Nematocyte-related
4821,247,11.225682523782295,Epidermal/Muscle-related,Epidermal/Muscle-related
4855,2107,-11.2242837296307,Nematocyte-related,Epidermal/Muscle-related
4925,5396,11.22398088224255,Epidermal/Muscle-related,Nematocyte-related
4821,5512,-11.223922093272384,Epidermal/Muscle-related,Epidermal/Muscle-related
4855,4675,-11.223733696037907,Nematocyte-related,Epidermal/Muscle-related
4991,1922,11.222744564683243,Neural-related,Neural-related
4855,1260,-11.21995720305065,Nematocyte-related,Epidermal/Muscle-related
4455,4822,11.219880100598338,Nematocyte-related,Neural-related
4990,5211,-11.21896934560874,Nematocyte-related,Epidermal/Muscle-related
4981,5139,-11.218526130358232,Nematocyte-related,Nematocyte-related
4316,5563,-11.215978025431937,Nematocyte-related,Epidermal/Muscle-related
4991,4727,-11.215446599998934,Neural-related,Nematocyte-related
4992,2767,-11.213906361761259,Neural-related,Epidermal/Muscle-related
4316,5624,-11.212254774887445,Nematocyte-related,Epidermal/Muscle-related
4855,1856,-11.211749477693681,Nematocyte-related,Nematocyte-related
4901,2824,11.210855918349095,Nematocyte-related,Nematocyte-related
4863,1877,-11.210147659882193,Nematocyte-related,Nematocyte-related
4760,6078,-11.210083890110177,Neural-related,Epidermal/Muscle-related
4416,4334,-11.207961012517158,Epidermal/Muscle-related,Nematocyte-related
4496,2068,-11.206568836841088,Epidermal/Muscle-related,Epidermal/Muscle-related
4821,4350,-11.20632827443757,Epidermal/Muscle-related,Nematocyte-related
4901,3924,11.205772260199677,Nematocyte-related,Epidermal/Muscle-related
4771,673,-11.205087841694581,Nematocyte-related,Epidermal/Muscle-related
4880,838,-11.204848837617341,Neural-related,Epidermal/Muscle-related
4925,838,11.20319348330753,Epidermal/Muscle-related,Epidermal/Muscle-related
4855,446,-11.202732745665925,Nematocyte-related,Epidermal/Muscle-related
4496,464,-11.201516768544437,Epidermal/Muscle-related,Epidermal/Muscle-related
4760,1922,-11.199622611096766,Neural-related,Neural-related
4928,5400,-11.19820059583767,Nematocyte-related,Nematocyte-related
4981,3924,-11.197516187025164,Nematocyte-related,Epidermal/Muscle-related
4776,3289,11.197427716336522,Nematocyte-related,Neural-related
4925,609,-11.196941596208163,Epidermal/Muscle-related,Epidermal/Muscle-related
4956,2102,11.195610881500471,Nematocyte-related,Epidermal/Muscle-related
4771,6100,11.195329641818915,Nematocyte-related,Epidermal/Muscle-related
4821,3033,11.193681586702187,Epidermal/Muscle-related,Epidermal/Muscle-related
4978,5435,-11.191989037159521,Nematocyte-related,Neural-related
4380,2262,-11.18896301144357,Nematocyte-related,Epidermal/Muscle-related
4968,2686,11.18841660156448,Nematocyte-related,Epidermal/Muscle-related
4771,4960,11.186247308611131,Nematocyte-related,Nematocyte-related
4771,7044,11.18622126208356,Nematocyte-related,Epidermal/Muscle-related
4760,333,-11.183633914569587,Neural-related,Epidermal/Muscle-related
4831,3288,-11.182810022554374,Nematocyte-related,Neural-related
4640,2533,-11.182082786825582,Nematocyte-related,Epidermal/Muscle-related
4496,5813,-11.179272545974897,Epidermal/Muscle-related,Nematocyte-related
4699,2102,11.178719332415323,Epidermal/Muscle-related,Epidermal/Muscle-related
4649,812,-11.178305130443608,Nematocyte-related,Nematocyte-related
4981,464,11.177633148360826,Nematocyte-related,Epidermal/Muscle-related
4771,3715,-11.177039594450864,Nematocyte-related,Neural-related
4855,5211,11.176835564164307,Nematocyte-related,Epidermal/Muscle-related
4855,3483,11.169897012334957,Nematocyte-related,Nematocyte-related
4855,1916,11.168972653746815,Nematocyte-related,Epidermal/Muscle-related
4831,5418,-11.16742664248497,Nematocyte-related,Nematocyte-related
4855,3752,-11.165718774999727,Nematocyte-related,Neural-related
4968,4822,-11.164722308434742,Nematocyte-related,Neural-related
4886,2309,-11.164393869012516,Epidermal/Muscle-related,Epidermal/Muscle-related
4928,4050,-11.161869713248171,Nematocyte-related,Epidermal/Muscle-related
4699,443,11.161688843818391,Epidermal/Muscle-related,Neural-related
4869,4649,11.157885486192027,Epidermal/Muscle-related,Nematocyte-related
4925,6106,11.155278968759628,Epidermal/Muscle-related,Epidermal/Muscle-related
4855,2999,11.15503997960656,Nematocyte-related,Epidermal/Muscle-related
4844,5836,11.154774030425884,Neural-related,Epidermal/Muscle-related
4771,4091,11.154670738086995,Nematocyte-related,Epidermal/Muscle-related
4990,5573,-11.153608814410555,Nematocyte-related,Epidermal/Muscle-related
4732,838,-11.150992049941868,Nematocyte-related,Epidermal/Muscle-related
4990,4719,-11.150525048383534,Nematocyte-related,Nematocyte-related
4981,2384,-11.150468199319139,Nematocyte-related,Epidermal/Muscle-related
4855,1295,-11.15044695689933,Nematocyte-related,Nematocyte-related
4880,2309,-11.149139113376554,Neural-related,Epidermal/Muscle-related
4831,1567,-11.147644376739148,Nematocyte-related,Nematocyte-related
4855,2059,11.142856011203268,Nematocyte-related,Epidermal/Muscle-related
4527,1504,11.14228985755423,Nematocyte-related,Epidermal/Muscle-related
4855,3414,11.141516631125707,Nematocyte-related,Epidermal/Muscle-related
4732,4091,-11.141285657210199,Nematocyte-related,Epidermal/Muscle-related
4981,1464,-11.139292393676886,Nematocyte-related,Nematocyte-related
4855,5974,11.138370617142709,Nematocyte-related,Neural-related
4983,2182,-11.137425903446157,Nematocyte-related,Epidermal/Muscle-related
4981,3900,-11.133811331790495,Nematocyte-related,Epidermal/Muscle-related
4441,693,-11.133095413370315,Neural-related,Epidermal/Muscle-related
4844,4256,11.131341634094065,Neural-related,Nematocyte-related
4978,3288,-11.130073802875215,Nematocyte-related,Neural-related
4991,1856,-11.124157744343695,Neural-related,Nematocyte-related
4855,2915,11.124054584188304,Nematocyte-related,Nematocyte-related
4831,141,-11.12396767550035,Nematocyte-related,Nematocyte-related
4855,3670,11.12349985989389,Nematocyte-related,Neural-related
4496,3096,11.12250547414953,Epidermal/Muscle-related,Epidermal/Muscle-related
4821,693,-11.118427754397326,Epidermal/Muscle-related,Epidermal/Muscle-related
4771,4596,11.116356079726721,Nematocyte-related,Nematocyte-related
4831,5359,-11.115702849696806,Nematocyte-related,Neural-related
4764,1013,-11.114967245578189,Nematocyte-related,Nematocyte-related
4972,3150,-11.114320177616115,Nematocyte-related,Nematocyte-related
4981,4615,-11.113782423174353,Nematocyte-related,Neural-related
4990,5830,-11.111479158840257,Nematocyte-related,Nematocyte-related
4771,2107,-11.111021152566801,Nematocyte-related,Epidermal/Muscle-related
4855,3602,11.110510776889823,Nematocyte-related,Nematocyte-related
4990,875,-11.110387625629881,Nematocyte-related,Epidermal/Muscle-related
4855,6827,11.108200004962436,Nematocyte-related,Neural-related
4925,6074,11.107710664141873,Epidermal/Muscle-related,Epidermal/Muscle-related
4981,4920,11.105631255840407,Nematocyte-related,Nematocyte-related
4981,3392,11.102831720147,Nematocyte-related,Neural-related
4901,2918,-11.102385882312195,Nematocyte-related,Nematocyte-related
4913,3096,11.102299616583247,Neural-related,Epidermal/Muscle-related
4983,629,-11.101461061174723,Nematocyte-related,Epidermal/Muscle-related
4994,2102,11.10087295247647,Neural-related,Epidermal/Muscle-related
4785,2394,11.100597336462865,Neural-related,Nematocyte-related
4885,1013,11.096742067951627,Epidermal/Muscle-related,Nematocyte-related
4699,4256,11.095713903149829,Epidermal/Muscle-related,Nematocyte-related
4981,3064,-11.093935311557876,Nematocyte-related,Neural-related
4855,3560,11.091838616385573,Nematocyte-related,Epidermal/Muscle-related
4760,496,-11.090858417089255,Neural-related,Epidermal/Muscle-related
4925,4675,-11.090145508744527,Epidermal/Muscle-related,Epidermal/Muscle-related
4990,2194,-11.08633830256763,Nematocyte-related,Epidermal/Muscle-related
4901,2250,11.085576408150557,Nematocyte-related,Neural-related
4981,5180,11.085323556096549,Nematocyte-related,Epidermal/Muscle-related
4831,4050,-11.085286120136601,Nematocyte-related,Epidermal/Muscle-related
4971,577,11.084917344474684,Nematocyte-related,Epidermal/Muscle-related
4380,2326,-11.084360116065595,Nematocyte-related,Epidermal/Muscle-related
4855,39,-11.08287010962801,Nematocyte-related,Epidermal/Muscle-related
4771,3375,11.081793679287317,Nematocyte-related,Nematocyte-related
4732,2824,-11.08144183936352,Nematocyte-related,Nematocyte-related
4764,7050,11.081440366842049,Nematocyte-related,Epidermal/Muscle-related
4821,6896,-11.08139988428215,Epidermal/Muscle-related,Epidermal/Muscle-related
4994,467,11.079395794882329,Neural-related,Epidermal/Muscle-related
4990,555,-11.079219171452628,Nematocyte-related,Epidermal/Muscle-related
4981,5376,11.07834531387077,Nematocyte-related,Epidermal/Muscle-related
4771,302,-11.078182577149766,Nematocyte-related,Epidermal/Muscle-related
4316,5460,-11.077469840512158,Nematocyte-related,Nematocyte-related
4771,4122,11.075488046701716,Nematocyte-related,Nematocyte-related
4991,5688,11.075247130506442,Neural-related,Epidermal/Muscle-related
4538,2262,-11.074907476986056,Epidermal/Muscle-related,Epidermal/Muscle-related
4901,6411,-11.074525014919237,Nematocyte-related,Nematocyte-related
4925,5254,-11.073899924998662,Epidermal/Muscle-related,Nematocyte-related
4855,879,11.07272613831856,Nematocyte-related,Nematocyte-related
4855,3701,11.071104061972283,Nematocyte-related,Epidermal/Muscle-related
4821,744,11.071037114328941,Epidermal/Muscle-related,Epidermal/Muscle-related
4789,3289,11.069691566071961,Nematocyte-related,Neural-related
4740,2090,11.068989532963226,Nematocyte-related,Nematocyte-related
4821,5690,-11.067685377158451,Epidermal/Muscle-related,Epidermal/Muscle-related
4821,3744,11.06662403078789,Epidermal/Muscle-related,Epidermal/Muscle-related
4925,2999,11.066073445377153,Epidermal/Muscle-related,Epidermal/Muscle-related
4951,6919,11.06581672407116,Neural-related,Epidermal/Muscle-related
4821,2709,11.065395259698995,Epidermal/Muscle-related,Epidermal/Muscle-related
4925,6854,11.064516724784472,Epidermal/Muscle-related,Epidermal/Muscle-related
4981,7078,-11.063883004781756,Nematocyte-related,Epidermal/Muscle-related
4821,1610,-11.063177579347787,Epidermal/Muscle-related,Neural-related
4771,2124,11.063140775100132,Nematocyte-related,Epidermal/Muscle-related
4901,5418,11.062163969320363,Nematocyte-related,Nematocyte-related
4925,3157,11.061665222399649,Epidermal/Muscle-related,Epidermal/Muscle-related
4855,6758,-11.06020643329364,Nematocyte-related,Epidermal/Muscle-related
4771,3713,-11.060009789028204,Nematocyte-related,Nematocyte-related
4821,5130,11.057444812973346,Epidermal/Muscle-related,Nematocyte-related
4771,303,-11.055658789964959,Nematocyte-related,Epidermal/Muscle-related
4771,1612,11.054357678271677,Nematocyte-related,Neural-related
4925,5657,11.053088508404693,Epidermal/Muscle-related,Nematocyte-related
4981,2102,11.051459531436272,Nematocyte-related,Epidermal/Muscle-related
4981,185,11.050346623283918,Nematocyte-related,Neural-related
4925,1525,-11.04967584301301,Epidermal/Muscle-related,Epidermal/Muscle-related
4978,693,11.049318710164613,Nematocyte-related,Epidermal/Muscle-related
4968,3654,11.047557049212237,Nematocyte-related,Epidermal/Muscle-related
4855,5865,-11.047524755546887,Nematocyte-related,Nematocyte-related
4925,6970,-11.046254516150787,Epidermal/Muscle-related,Nematocyte-related
4316,5359,-11.043506209894096,Nematocyte-related,Neural-related
4538,555,-11.041897091549618,Epidermal/Muscle-related,Epidermal/Muscle-related
4640,2023,11.041254049932492,Nematocyte-related,Epidermal/Muscle-related
4991,2250,11.04124587034064,Neural-related,Neural-related
4925,2870,-11.040032822969831,Epidermal/Muscle-related,Nematocyte-related
4972,1863,-11.039476421599415,Nematocyte-related,Epidermal/Muscle-related
4821,3530,-11.039103311517334,Epidermal/Muscle-related,Epidermal/Muscle-related
4981,3502,11.03898467289808,Nematocyte-related,Nematocyte-related
4889,2183,-11.038142018612177,Nematocyte-related,Epidermal/Muscle-related
4380,2188,-11.03451350715567,Nematocyte-related,Epidermal/Muscle-related
4981,3826,11.031845194042049,Nematocyte-related,Epidermal/Muscle-related
4821,3903,-11.031819150302292,Epidermal/Muscle-related,Epidermal/Muscle-related
4909,4256,11.031328930755981,Nematocyte-related,Nematocyte-related
4785,1075,11.031303044700325,Neural-related,Nematocyte-related
4882,3193,-11.031302957576948,Nematocyte-related,Neural-related
4901,3654,-11.02914830401073,Nematocyte-related,Epidermal/Muscle-related
4416,4675,-11.028567919761667,Epidermal/Muscle-related,Epidermal/Muscle-related
4831,3960,-11.026216248022417,Nematocyte-related,Nematocyte-related
4771,1222,-11.024642360075536,Nematocyte-related,Epidermal/Muscle-related
4699,7053,11.02459834316391,Epidermal/Muscle-related,Epidermal/Muscle-related
4760,2967,-11.024431002786677,Neural-related,Nematocyte-related
4854,2394,11.023932414045431,Nematocyte-related,Nematocyte-related
4821,1855,-11.023127807138142,Epidermal/Muscle-related,Epidermal/Muscle-related
4821,6278,-11.022244253990074,Epidermal/Muscle-related,Nematocyte-related
4990,5653,-11.02112910530047,Nematocyte-related,Nematocyte-related
4730,796,-11.019838265091712,Neural-related,Epidermal/Muscle-related
4925,280,-11.018589121368297,Epidermal/Muscle-related,Nematocyte-related
4635,3380,-11.016985367499977,Neural-related,Nematocyte-related
4699,918,11.016455259050828,Epidermal/Muscle-related,Epidermal/Muscle-related
4972,3148,11.015258173830663,Nematocyte-related,Nematocyte-related
4763,577,11.014682344293588,Neural-related,Epidermal/Muscle-related
4925,2376,-11.014310758747259,Epidermal/Muscle-related,Epidermal/Muscle-related
4854,6065,11.013602785494491,Nematocyte-related,Nematocyte-related
4863,5460,-11.012538740563608,Nematocyte-related,Nematocyte-related
4991,6902,-11.010510929504223,Neural-related,Neural-related
4978,4822,-11.008282196164268,Nematocyte-related,Neural-related
4991,2686,-11.008039172552378,Neural-related,Epidermal/Muscle-related
4699,577,11.005883409854828,Epidermal/Muscle-related,Epidermal/Muscle-related
4821,4615,11.004601843706837,Epidermal/Muscle-related,Neural-related
4771,2092,11.004170827013033,Nematocyte-related,Neural-related
4821,4063,11.003178576967064,Epidermal/Muscle-related,Neural-related
4821,1584,-11.00256067422827,Epidermal/Muscle-related,Epidermal/Muscle-related
4821,1601,-11.002024549857447,Epidermal/Muscle-related,Epidermal/Muscle-related
4901,442,11.000690560822996,Nematocyte-related,Neural-related
4855,1520,-11.000303330358115,Nematocyte-related,Epidermal/Muscle-related
4855,4512,-10.999821188038515,Nematocyte-related,Epidermal/Muscle-related
4863,5459,-10.99981836641378,Nematocyte-related,Neural-related
4655,282,10.999085111188764,Nematocyte-related,Neural-related
4821,457,-10.99861029841029,Epidermal/Muscle-related,Neural-related
4821,3102,10.997806934904618,Epidermal/Muscle-related,Nematocyte-related
4760,3923,-10.996752303685989,Neural-related,Epidermal/Muscle-related
4880,2302,-10.99640242646185,Neural-related,Nematocyte-related
4855,6259,-10.995195439982616,Nematocyte-related,Neural-related
4854,5624,10.991098921918331,Nematocyte-related,Epidermal/Muscle-related
4925,2918,-10.990505565589281,Epidermal/Muscle-related,Nematocyte-related
4951,2767,10.990302205710728,Neural-related,Epidermal/Muscle-related
4983,846,-10.99022073438791,Nematocyte-related,Nematocyte-related
4764,2068,-10.99017084401864,Nematocyte-related,Epidermal/Muscle-related
4968,1091,-10.9875567512176,Nematocyte-related,Epidermal/Muscle-related
4991,2824,10.985959669474305,Neural-related,Nematocyte-related
4901,1877,10.985711870479001,Nematocyte-related,Nematocyte-related
4880,4244,-10.982820841602328,Neural-related,Epidermal/Muscle-related
4855,869,-10.98253047105138,Nematocyte-related,Epidermal/Muscle-related
4821,2357,-10.979632162126444,Epidermal/Muscle-related,Epidermal/Muscle-related
4821,2650,10.979314636729827,Epidermal/Muscle-related,Nematocyte-related
4901,6223,10.978499594933314,Nematocyte-related,Epidermal/Muscle-related
4889,4720,10.977651682737637,Nematocyte-related,Epidermal/Muscle-related
4981,4837,10.976174245007416,Nematocyte-related,Nematocyte-related
4990,2517,-10.974754276647046,Nematocyte-related,Nematocyte-related
4763,3064,-10.97467490203905,Neural-related,Neural-related
4885,1504,-10.974009174732357,Epidermal/Muscle-related,Epidermal/Muscle-related
4854,333,10.9698235461634,Nematocyte-related,Epidermal/Muscle-related
4855,7013,10.968640283288458,Nematocyte-related,Epidermal/Muscle-related
4821,1589,10.968405123197027,Epidermal/Muscle-related,Neural-related
4821,2059,10.967860667009043,Epidermal/Muscle-related,Epidermal/Muscle-related
4821,1203,-10.965927705098796,Epidermal/Muscle-related,Epidermal/Muscle-related
4771,63,10.965869327946834,Nematocyte-related,Epidermal/Muscle-related
4821,6258,10.965614383004674,Epidermal/Muscle-related,Nematocyte-related
4821,3909,-10.962790144209944,Epidermal/Muscle-related,Neural-related
4855,829,10.960334027522531,Nematocyte-related,Nematocyte-related
4978,2309,-10.955413780195347,Nematocyte-related,Epidermal/Muscle-related
4844,2043,10.95497896209822,Neural-related,Epidermal/Muscle-related
4496,2019,10.954139591267426,Epidermal/Muscle-related,Nematocyte-related
4811,2043,-10.953873241556902,Nematocyte-related,Epidermal/Muscle-related
4925,2936,-10.95274072016329,Epidermal/Muscle-related,Epidermal/Muscle-related
4855,135,-10.952027974426434,Nematocyte-related,Neural-related
4913,3048,10.950325968868551,Neural-related,Epidermal/Muscle-related
4981,2008,10.950256601811358,Nematocyte-related,Epidermal/Muscle-related
4854,3157,10.950066188197619,Nematocyte-related,Epidermal/Muscle-related
4458,3289,-10.949933632525534,Nematocyte-related,Neural-related
4981,4212,10.948737024178032,Nematocyte-related,Nematocyte-related
4831,442,-10.94860536836602,Nematocyte-related,Neural-related
4951,3195,10.947580973485596,Neural-related,Nematocyte-related
4789,357,10.946974787001194,Nematocyte-related,Neural-related
4771,544,-10.944679903915004,Nematocyte-related,Epidermal/Muscle-related
4971,4960,-10.943902145844845,Nematocyte-related,Nematocyte-related
4901,6360,10.941748684306894,Nematocyte-related,Nematocyte-related
4682,5624,-10.941372686986732,Nematocyte-related,Epidermal/Muscle-related
4855,2606,10.939890326758949,Nematocyte-related,Nematocyte-related
4863,693,10.938762839416787,Nematocyte-related,Epidermal/Muscle-related
4771,398,-10.937886133112073,Nematocyte-related,Epidermal/Muscle-related
4981,3235,10.936997083570043,Nematocyte-related,Epidermal/Muscle-related
4981,2503,10.93537420882128,Nematocyte-related,Epidermal/Muscle-related
4655,357,10.934977658382595,Nematocyte-related,Neural-related
4981,2681,10.933704030093882,Nematocyte-related,Epidermal/Muscle-related
4981,2169,10.93329517198291,Nematocyte-related,Nematocyte-related
4854,5459,10.933191512921047,Nematocyte-related,Neural-related
4863,846,-10.931591640275201,Nematocyte-related,Nematocyte-related
4771,2384,10.931241576756111,Nematocyte-related,Epidermal/Muscle-related
4885,3006,10.930128045483045,Epidermal/Muscle-related,Epidermal/Muscle-related
4981,5144,10.929644321704288,Nematocyte-related,Epidermal/Muscle-related
4481,555,10.92824748005445,Epidermal/Muscle-related,Epidermal/Muscle-related
4901,3288,10.927825944224818,Nematocyte-related,Neural-related
4981,3530,10.924698277071517,Nematocyte-related,Epidermal/Muscle-related
4855,3433,-10.923890248264284,Nematocyte-related,Nematocyte-related
4901,6454,10.921864057318654,Nematocyte-related,Epidermal/Muscle-related
4441,4244,10.921001001490556,Neural-related,Epidermal/Muscle-related
4556,3289,-10.919493431276484,Nematocyte-related,Neural-related
4771,4087,10.91914681264403,Nematocyte-related,Nematocyte-related
4978,2513,-10.916149400923807,Nematocyte-related,Epidermal/Muscle-related
4863,6902,10.91369225604486,Nematocyte-related,Neural-related
4590,1013,-10.912819125262818,Epidermal/Muscle-related,Nematocyte-related
4785,6078,10.912081191531843,Neural-related,Epidermal/Muscle-related
4928,2893,-10.911903353671851,Nematocyte-related,Epidermal/Muscle-related
4699,2068,10.91077587578472,Epidermal/Muscle-related,Epidermal/Muscle-related
4831,4649,-10.910654533573336,Nematocyte-related,Nematocyte-related
4381,4727,10.910268977569125,Epidermal/Muscle-related,Nematocyte-related
4901,6822,10.910218900515575,Nematocyte-related,Nematocyte-related
4855,1612,10.90998731006279,Nematocyte-related,Neural-related
4496,3064,10.909700974593527,Epidermal/Muscle-related,Neural-related
4821,3136,-10.906637129213516,Epidermal/Muscle-related,Epidermal/Muscle-related
4855,313,10.905902908846986,Nematocyte-related,Nematocyte-related
4925,3189,-10.904341077183311,Epidermal/Muscle-related,Nematocyte-related
3643,6608,-10.902303041103503,Neural-related,Epidermal/Muscle-related
4855,1956,10.900031436841525,Nematocyte-related,Nematocyte-related
4981,2607,10.895735392070643,Nematocyte-related,Nematocyte-related
4760,2182,-10.895035600169008,Neural-related,Epidermal/Muscle-related
4381,3288,-10.892107847714144,Epidermal/Muscle-related,Neural-related
4981,499,10.891043253318655,Nematocyte-related,Epidermal/Muscle-related
4964,2035,10.890378199867584,Nematocyte-related,Epidermal/Muscle-related
4901,4822,10.88776590564666,Nematocyte-related,Neural-related
4538,298,-10.886529749217473,Epidermal/Muscle-related,Neural-related
4981,4455,10.885593081669041,Nematocyte-related,Nematocyte-related
4882,2077,-10.885262646515896,Nematocyte-related,Epidermal/Muscle-related
4855,4300,-10.885093773772835,Nematocyte-related,Epidermal/Muscle-related
4889,3960,10.88384418777011,Nematocyte-related,Nematocyte-related
4305,577,-10.881930154152176,Nematocyte-related,Epidermal/Muscle-related
4990,364,-10.881729040805856,Nematocyte-related,Neural-related
4760,1441,-10.87986026611818,Neural-related,Epidermal/Muscle-related
4990,3989,-10.879566429380256,Nematocyte-related,Epidermal/Muscle-related
4380,880,-10.879028565932627,Nematocyte-related,Nematocyte-related
4764,4512,-10.878688367473636,Nematocyte-related,Epidermal/Muscle-related
4854,6411,-10.878128405977709,Nematocyte-related,Nematocyte-related
4821,2824,10.876771215765158,Epidermal/Muscle-related,Nematocyte-related
4994,443,10.876504797573368,Neural-related,Neural-related
4821,4773,-10.87349801158074,Epidermal/Muscle-related,Neural-related
4380,357,-10.872402625156058,Nematocyte-related,Neural-related
4863,6078,-10.868900203337565,Nematocyte-related,Epidermal/Muscle-related
4984,3096,10.868192691104467,Epidermal/Muscle-related,Epidermal/Muscle-related
4981,1899,-10.867809054928975,Nematocyte-related,Nematocyte-related
4771,5674,-10.865388107222014,Nematocyte-related,Epidermal/Muscle-related
4821,210,-10.864566485912398,Epidermal/Muscle-related,Nematocyte-related
4796,2102,10.860893479703805,Nematocyte-related,Epidermal/Muscle-related
4855,3158,10.860549089876544,Nematocyte-related,Neural-related
4925,2027,-10.860342142181194,Epidermal/Muscle-related,Epidermal/Muscle-related
4990,1495,-10.859127002625824,Nematocyte-related,Neural-related
4496,651,-10.8576247064113,Epidermal/Muscle-related,Epidermal/Muscle-related
4981,3006,10.857254124596297,Nematocyte-related,Epidermal/Muscle-related
4855,5302,-10.855897018463242,Nematocyte-related,Nematocyte-related
4925,1295,-10.855275203051443,Epidermal/Muscle-related,Nematocyte-related
4771,412,-10.85434340464966,Nematocyte-related,Epidermal/Muscle-related
4821,573,-10.851787120648543,Epidermal/Muscle-related,Epidermal/Muscle-related
4699,880,10.851387828080936,Epidermal/Muscle-related,Nematocyte-related
4901,881,10.849967987784996,Nematocyte-related,Nematocyte-related
4785,6013,10.848623870001894,Neural-related,Epidermal/Muscle-related
4889,846,10.847769230744566,Nematocyte-related,Nematocyte-related
4771,3560,10.847668458449837,Nematocyte-related,Epidermal/Muscle-related
4855,5208,10.847553730957124,Nematocyte-related,Nematocyte-related
4981,1612,-10.846446863393306,Nematocyte-related,Neural-related
4771,5512,-10.844613434092414,Nematocyte-related,Epidermal/Muscle-related
4854,1922,10.844248728739473,Nematocyte-related,Neural-related
4925,2315,-10.844204230236894,Epidermal/Muscle-related,Epidermal/Muscle-related
4771,3807,10.842597830119503,Nematocyte-related,Nematocyte-related
4380,6608,-10.842352237346248,Nematocyte-related,Epidermal/Muscle-related
4981,981,-10.841844682599026,Nematocyte-related,Epidermal/Muscle-related
4854,6078,10.841043419658163,Nematocyte-related,Epidermal/Muscle-related
4978,5359,-10.84044927631855,Nematocyte-related,Neural-related
4785,6436,10.840270445256804,Neural-related,Epidermal/Muscle-related
4964,2686,10.838839391578494,Nematocyte-related,Epidermal/Muscle-related
4831,2171,-10.837699263393949,Nematocyte-related,Epidermal/Muscle-related
4981,949,10.836957741973032,Nematocyte-related,Epidermal/Muscle-related
4760,4615,-10.836316842361155,Neural-related,Neural-related
4441,5460,10.8361850865565,Neural-related,Nematocyte-related
4925,344,-10.835216327893814,Epidermal/Muscle-related,Neural-related
4821,2393,10.833882427828428,Epidermal/Muscle-related,Nematocyte-related
4981,812,-10.833150327137918,Nematocyte-related,Nematocyte-related
4990,1038,-10.83143952708421,Nematocyte-related,Nematocyte-related
4981,4130,-10.830637610512786,Nematocyte-related,Epidermal/Muscle-related
4760,1156,-10.830282615812887,Neural-related,Nematocyte-related
4855,5407,10.827598664779137,Nematocyte-related,Nematocyte-related
4855,3189,-10.827483189280805,Nematocyte-related,Nematocyte-related
4771,3064,10.826343390942275,Nematocyte-related,Neural-related
4785,354,10.823873677328345,Neural-related,Neural-related
4983,4649,-10.823870615887497,Nematocyte-related,Nematocyte-related
4821,2471,10.823558677382103,Epidermal/Muscle-related,Epidermal/Muscle-related
4886,1877,-10.823558519988385,Epidermal/Muscle-related,Nematocyte-related
4880,2394,-10.823222140945989,Neural-related,Nematocyte-related
4968,6078,-10.822558268066734,Nematocyte-related,Epidermal/Muscle-related
4634,357,-10.821612266516755,Epidermal/Muscle-related,Neural-related
4923,5424,10.820231163011554,Nematocyte-related,Nematocyte-related
4855,6420,10.819947269051907,Nematocyte-related,Nematocyte-related
4989,555,10.819424795975875,Nematocyte-related,Epidermal/Muscle-related
4316,6608,10.817960636286218,Nematocyte-related,Epidermal/Muscle-related
4985,3751,10.817175656793935,Neural-related,Epidermal/Muscle-related
4981,3415,10.816591493708291,Nematocyte-related,Epidermal/Muscle-related
4923,2043,10.81493622570859,Nematocyte-related,Epidermal/Muscle-related
4760,5459,-10.814788408426967,Neural-related,Neural-related
4991,7050,10.813445858417872,Neural-related,Epidermal/Muscle-related
4821,6269,10.813429431968597,Epidermal/Muscle-related,Nematocyte-related
4882,3960,-10.81259025234893,Nematocyte-related,Nematocyte-related
4925,2686,-10.812522768597024,Epidermal/Muscle-related,Epidermal/Muscle-related
4771,5208,10.81192160960349,Nematocyte-related,Nematocyte-related
4951,4256,10.81067560795201,Neural-related,Nematocyte-related
4855,3293,10.81066882127554,Nematocyte-related,Epidermal/Muscle-related
4831,3424,-10.810503561672228,Nematocyte-related,Epidermal/Muscle-related
4740,2326,10.809410871235583,Nematocyte-related,Epidermal/Muscle-related
4855,1641,10.807919311298114,Nematocyte-related,Nematocyte-related
4901,4675,-10.807897423396827,Nematocyte-related,Epidermal/Muscle-related
4990,5204,-10.80636753657209,Nematocyte-related,Nematocyte-related
4990,3194,-10.805840224555707,Nematocyte-related,Neural-related
4994,586,10.805625172115441,Neural-related,Epidermal/Muscle-related
4771,5974,10.803026183050523,Nematocyte-related,Neural-related
4971,5460,-10.801963520202532,Nematocyte-related,Nematocyte-related
4854,1426,10.800902922682852,Nematocyte-related,Epidermal/Muscle-related
4981,1201,-10.800376277889598,Nematocyte-related,Neural-related
3643,1013,-10.800308747254537,Neural-related,Nematocyte-related
4760,4018,-10.799188162379414,Neural-related,Epidermal/Muscle-related
4441,1877,10.798629152802036,Neural-related,Nematocyte-related
4844,2188,10.79836259683972,Neural-related,Epidermal/Muscle-related
4981,7044,-10.798141610931525,Nematocyte-related,Epidermal/Muscle-related
4855,1811,-10.796858463002279,Nematocyte-related,Neural-related
4688,6514,10.796668617198343,Epidermal/Muscle-related,Epidermal/Muscle-related
4854,4050,10.795026223413647,Nematocyte-related,Epidermal/Muscle-related
4913,3193,10.793813050453263,Neural-related,Neural-related
4861,1441,-10.79261358477187,Nematocyte-related,Epidermal/Muscle-related
4441,2090,-10.791066342714041,Neural-related,Nematocyte-related
4882,1877,-10.790667175658347,Nematocyte-related,Nematocyte-related
4981,879,-10.790506582009408,Nematocyte-related,Nematocyte-related
4901,3471,10.790323253861166,Nematocyte-related,Neural-related
4771,1589,10.789734522282863,Nematocyte-related,Neural-related
4496,2169,-10.788585573916986,Epidermal/Muscle-related,Nematocyte-related
4983,496,-10.785642667234814,Nematocyte-related,Epidermal/Muscle-related
4764,5512,-10.78546093572735,Nematocyte-related,Epidermal/Muscle-related
4556,5624,-10.783603681611886,Nematocyte-related,Epidermal/Muscle-related
4855,2787,10.783410246117967,Nematocyte-related,Neural-related
3852,3289,10.781996870920429,Neural-related,Neural-related
4885,796,10.780545517570973,Epidermal/Muscle-related,Epidermal/Muscle-related
4996,3289,-10.778085205358284,Epidermal/Muscle-related,Neural-related
4981,1932,-10.777894712218723,Nematocyte-related,Nematocyte-related
4771,4202,10.777412617066455,Nematocyte-related,Nematocyte-related
4771,6422,10.777397674039005,Nematocyte-related,Nematocyte-related
4951,2043,10.777292256430368,Neural-related,Epidermal/Muscle-related
4771,6648,10.775473748986046,Nematocyte-related,Nematocyte-related
4971,2326,10.775125854871241,Nematocyte-related,Epidermal/Muscle-related
4990,1895,-10.774509762871972,Nematocyte-related,Nematocyte-related
4925,544,-10.77352436428219,Epidermal/Muscle-related,Epidermal/Muscle-related
4441,3096,10.772877089840888,Neural-related,Epidermal/Muscle-related
4821,7050,10.770807353185212,Epidermal/Muscle-related,Epidermal/Muscle-related
4855,5555,-10.768219798886243,Nematocyte-related,Epidermal/Muscle-related
4925,1964,-10.768025936461418,Epidermal/Muscle-related,Epidermal/Muscle-related
4760,442,-10.767184517641153,Neural-related,Neural-related
4901,5563,10.766902346390298,Nematocyte-related,Epidermal/Muscle-related
4760,3807,-10.766815564154147,Neural-related,Nematocyte-related
4821,881,10.766469177435228,Epidermal/Muscle-related,Nematocyte-related
4305,2309,10.765917769018898,Nematocyte-related,Epidermal/Muscle-related
4316,4229,-10.763077536397391,Nematocyte-related,Nematocyte-related
4771,5211,10.762325215650662,Nematocyte-related,Epidermal/Muscle-related
4771,879,10.760710383053087,Nematocyte-related,Nematocyte-related
4995,1275,-10.75995576121985,Epidermal/Muscle-related,Epidermal/Muscle-related
4855,2124,10.758813038334818,Nematocyte-related,Epidermal/Muscle-related
4971,496,-10.758041603142859,Nematocyte-related,Epidermal/Muscle-related
4952,577,10.757350495217985,Epidermal/Muscle-related,Epidermal/Muscle-related
4707,5424,-10.753738858031959,Neural-related,Nematocyte-related
4821,2394,10.749673304502883,Epidermal/Muscle-related,Nematocyte-related
4640,2188,-10.749597045356756,Nematocyte-related,Epidermal/Muscle-related
4821,2066,-10.749172446192937,Epidermal/Muscle-related,Epidermal/Muscle-related
4886,89,-10.748186345234645,Epidermal/Muscle-related,Neural-related
4995,333,-10.746599067382999,Epidermal/Muscle-related,Epidermal/Muscle-related
4863,5424,-10.743244456796537,Nematocyte-related,Nematocyte-related
4821,5598,10.741482683294782,Epidermal/Muscle-related,Nematocyte-related
4855,6381,-10.741185820692028,Nematocyte-related,Epidermal/Muscle-related
4821,1856,-10.7409790651205,Epidermal/Muscle-related,Nematocyte-related
4699,6238,10.740150807888961,Epidermal/Muscle-related,Epidermal/Muscle-related
4990,5385,-10.74013883283429,Nematocyte-related,Epidermal/Muscle-related
4995,5865,10.738278441981379,Epidermal/Muscle-related,Nematocyte-related
4863,6360,-10.737432197510127,Nematocyte-related,Nematocyte-related
4855,1464,10.736386436897327,Nematocyte-related,Nematocyte-related
4764,2650,10.735334874700142,Nematocyte-related,Nematocyte-related
4913,3157,10.735145073409141,Neural-related,Epidermal/Muscle-related
4717,3048,10.731140153143233,Nematocyte-related,Epidermal/Muscle-related
4699,5615,10.730920864481778,Epidermal/Muscle-related,Nematocyte-related
4771,3483,10.730740742379954,Nematocyte-related,Nematocyte-related
4990,4390,-10.729041267625663,Nematocyte-related,Nematocyte-related
4995,3497,10.728887029154778,Epidermal/Muscle-related,Epidermal/Muscle-related
4785,629,10.723220049736238,Neural-related,Epidermal/Muscle-related
4981,6322,-10.723116533186639,Nematocyte-related,Neural-related
4821,2027,-10.722828202551872,Epidermal/Muscle-related,Epidermal/Muscle-related
4455,2394,10.721849630645867,Nematocyte-related,Nematocyte-related
4717,838,10.71986440282495,Nematocyte-related,Epidermal/Muscle-related
4699,366,10.719033106932638,Epidermal/Muscle-related,Neural-related
4785,2043,10.718901963550225,Neural-related,Epidermal/Muscle-related
4863,981,-10.717351858643184,Nematocyte-related,Epidermal/Muscle-related
4821,6902,-10.716060816738256,Epidermal/Muscle-related,Neural-related
4882,3654,10.71455247634615,Nematocyte-related,Epidermal/Muscle-related
4699,141,10.71454056533796,Epidermal/Muscle-related,Nematocyte-related
4995,6758,10.714163232436862,Epidermal/Muscle-related,Epidermal/Muscle-related
4789,812,-10.713596831308262,Nematocyte-related,Nematocyte-related
4771,3189,-10.712131832056274,Nematocyte-related,Nematocyte-related
4831,3194,-10.710665171125026,Nematocyte-related,Neural-related
4655,3195,10.708848700346872,Nematocyte-related,Nematocyte-related
4771,2739,10.708074667930216,Nematocyte-related,Nematocyte-related
4863,2326,10.707731791235878,Nematocyte-related,Epidermal/Muscle-related
4981,3068,10.706880486102298,Nematocyte-related,Nematocyte-related
4991,918,-10.706870476195347,Neural-related,Epidermal/Muscle-related
4789,555,10.705444013488156,Nematocyte-related,Epidermal/Muscle-related
4821,3242,10.705383207005129,Epidermal/Muscle-related,Epidermal/Muscle-related
4760,4869,10.70524374155849,Neural-related,Epidermal/Muscle-related
4925,6902,-10.70200198617042,Epidermal/Muscle-related,Neural-related
4981,5128,10.701602861294047,Nematocyte-related,Neural-related
4889,2446,10.701429292398748,Nematocyte-related,Epidermal/Muscle-related
4925,320,-10.699867862697387,Epidermal/Muscle-related,Nematocyte-related
4990,5509,-10.699596965704847,Nematocyte-related,Nematocyte-related
4760,981,-10.697860583212558,Neural-related,Epidermal/Muscle-related
4771,2606,10.69745222232098,Nematocyte-related,Nematocyte-related
4821,4768,-10.696289636460113,Epidermal/Muscle-related,Epidermal/Muscle-related
4889,2171,10.696105859560193,Nematocyte-related,Epidermal/Muscle-related
4983,2999,-10.69588664846543,Nematocyte-related,Epidermal/Muscle-related
4527,357,-10.694524119015417,Nematocyte-related,Neural-related
4981,5587,10.693457309538728,Nematocyte-related,Neural-related
4855,2916,10.692729733764054,Nematocyte-related,Nematocyte-related
4771,3960,10.69241267686828,Nematocyte-related,Nematocyte-related
4771,2859,10.691511641270212,Nematocyte-related,Epidermal/Muscle-related
4732,4244,-10.689936995172111,Nematocyte-related,Epidermal/Muscle-related
4964,4466,10.689857410876476,Nematocyte-related,Nematocyte-related
4968,6571,-10.688237136068889,Nematocyte-related,Nematocyte-related
4821,3900,10.68693908149441,Epidermal/Muscle-related,Epidermal/Muscle-related
4901,2376,-10.686734646202616,Nematocyte-related,Epidermal/Muscle-related
4763,3048,-10.686595391097438,Neural-related,Epidermal/Muscle-related
4831,2072,-10.686407162449914,Nematocyte-related,Epidermal/Muscle-related
4981,4699,-10.685330317243173,Nematocyte-related,Epidermal/Muscle-related
4760,6360,-10.684250386979341,Neural-related,Nematocyte-related
4821,6939,-10.682536449438459,Epidermal/Muscle-related,Nematocyte-related
4991,6411,-10.680211638481438,Neural-related,Nematocyte-related
4771,744,10.68009761364571,Nematocyte-related,Epidermal/Muscle-related
4821,6516,-10.67968651487328,Epidermal/Muscle-related,Epidermal/Muscle-related
4981,1754,10.679549385770176,Nematocyte-related,Epidermal/Muscle-related
4925,796,-10.679234821623945,Epidermal/Muscle-related,Epidermal/Muscle-related
4455,838,10.679012310903843,Nematocyte-related,Epidermal/Muscle-related
4764,577,-10.678350511526563,Nematocyte-related,Epidermal/Muscle-related
4925,2056,10.677872197918067,Epidermal/Muscle-related,Nematocyte-related
4981,529,10.677062434343405,Nematocyte-related,Nematocyte-related
4785,4755,10.675995077473626,Neural-related,Nematocyte-related
4863,2250,-10.675794455507303,Nematocyte-related,Neural-related
4855,63,10.674307774141452,Nematocyte-related,Epidermal/Muscle-related
4925,1364,-10.672577819142875,Epidermal/Muscle-related,Nematocyte-related
4901,3096,10.67233685159412,Nematocyte-related,Epidermal/Muscle-related
4863,3815,10.67149523847733,Nematocyte-related,Nematocyte-related
4901,940,-10.671132812351345,Nematocyte-related,Epidermal/Muscle-related
4717,3289,10.669751654327525,Nematocyte-related,Neural-related
4760,5718,-10.668852645257726,Neural-related,Epidermal/Muscle-related
4556,555,-10.66848835707545,Nematocyte-related,Epidermal/Muscle-related
4964,1455,-10.667335622040053,Nematocyte-related,Epidermal/Muscle-related
4821,5606,-10.667313563162486,Epidermal/Muscle-related,Neural-related
4925,5555,-10.665831369756797,Epidermal/Muscle-related,Epidermal/Muscle-related
4995,4727,10.665649355043675,Epidermal/Muscle-related,Nematocyte-related
4821,87,10.665377286826407,Epidermal/Muscle-related,Neural-related
4928,3654,10.66459332180626,Nematocyte-related,Epidermal/Muscle-related
4854,2686,-10.664037624975474,Nematocyte-related,Epidermal/Muscle-related
4981,3602,-10.663410318904065,Nematocyte-related,Nematocyte-related
4981,5262,-10.662791995499347,Nematocyte-related,Nematocyte-related
4855,7044,10.66118535629173,Nematocyte-related,Epidermal/Muscle-related
4981,6148,-10.65976232020233,Nematocyte-related,Nematocyte-related
4821,2756,-10.658471209464684,Epidermal/Muscle-related,Epidermal/Muscle-related
4981,6819,10.65816859321492,Nematocyte-related,Epidermal/Muscle-related
4455,5460,10.657349836630335,Nematocyte-related,Nematocyte-related
4991,2936,-10.656345710585066,Neural-related,Epidermal/Muscle-related
4923,2446,10.655829694388272,Nematocyte-related,Epidermal/Muscle-related
4771,1956,10.655410227399434,Nematocyte-related,Nematocyte-related
4925,1798,-10.655392843677808,Epidermal/Muscle-related,Neural-related
4785,1922,10.65526850631262,Neural-related,Neural-related
4855,2585,-10.65120421784747,Nematocyte-related,Epidermal/Muscle-related
4316,3193,-10.650942934822025,Nematocyte-related,Neural-related
4994,5836,10.649934794002458,Neural-related,Epidermal/Muscle-related
4981,6473,10.648687254281212,Nematocyte-related,Epidermal/Muscle-related
4882,4727,10.643968624390386,Nematocyte-related,Nematocyte-related
4991,3923,10.642836354850541,Neural-related,Epidermal/Muscle-related
4886,5460,-10.642745594706863,Epidermal/Muscle-related,Nematocyte-related
4760,4091,-10.642432639517077,Neural-related,Epidermal/Muscle-related
4990,5474,-10.64214258054641,Nematocyte-related,Nematocyte-related
4885,5460,-10.641669580071438,Epidermal/Muscle-related,Nematocyte-related
4968,3375,-10.641485156995813,Nematocyte-related,Nematocyte-related
4981,97,10.639692960505892,Nematocyte-related,Nematocyte-related
4787,3048,10.63933520203662,Neural-related,Epidermal/Muscle-related
4887,577,-10.63827514959623,Neural-related,Epidermal/Muscle-related
4771,3602,10.637953699753613,Nematocyte-related,Nematocyte-related
4821,4002,-10.636562009011895,Epidermal/Muscle-related,Nematocyte-related
4771,5748,10.635562700504249,Nematocyte-related,Epidermal/Muscle-related
4885,6473,10.635350523501259,Epidermal/Muscle-related,Epidermal/Muscle-related
4855,5527,10.631934399716876,Nematocyte-related,Nematocyte-related
4885,918,10.630571549711657,Epidermal/Muscle-related,Epidermal/Muscle-related
4889,1987,10.630355307025136,Nematocyte-related,Nematocyte-related
4968,6360,-10.630286142092126,Nematocyte-related,Nematocyte-related
4785,2990,10.62995748813922,Neural-related,Epidermal/Muscle-related
4925,1970,10.629012888250626,Epidermal/Muscle-related,Epidermal/Muscle-related
4901,6259,-10.62892185274793,Nematocyte-related,Neural-related
4991,2035,-10.628742014497599,Neural-related,Epidermal/Muscle-related
4688,328,10.628299923486788,Epidermal/Muscle-related,Neural-related
4771,2376,-10.627568690273264,Nematocyte-related,Epidermal/Muscle-related
4882,2394,-10.626969880004193,Nematocyte-related,Nematocyte-related
4771,7013,10.626902619632267,Nematocyte-related,Epidermal/Muscle-related
4855,1987,10.62662802068949,Nematocyte-related,Nematocyte-related
4983,3359,-10.626148069946904,Nematocyte-related,Epidermal/Muscle-related
4981,6106,-10.625227984847541,Nematocyte-related,Epidermal/Muscle-related
4184,3289,10.6242360061478,Neural-related,Neural-related
4844,2102,10.624165426170254,Neural-related,Epidermal/Muscle-related
4854,5238,10.624136955787305,Nematocyte-related,Nematocyte-related
4785,2302,10.622533248211727,Neural-related,Nematocyte-related
4730,577,-10.622472475249829,Neural-related,Epidermal/Muscle-related
4771,1091,10.621766134670779,Nematocyte-related,Epidermal/Muscle-related
4981,3849,10.62173496069586,Nematocyte-related,Neural-related
4855,5417,-10.621708220058338,Nematocyte-related,Nematocyte-related
4981,3375,-10.621210058485103,Nematocyte-related,Nematocyte-related
4925,2008,-10.621074331626554,Epidermal/Muscle-related,Epidermal/Muscle-related
4699,142,10.621054093764968,Epidermal/Muscle-related,Epidermal/Muscle-related
4925,3380,10.621009740144407,Epidermal/Muscle-related,Nematocyte-related
4496,7050,10.6196732434607,Epidermal/Muscle-related,Epidermal/Muscle-related
4981,4960,-10.617989572827522,Nematocyte-related,Nematocyte-related
4880,2182,-10.617910633254025,Neural-related,Epidermal/Muscle-related
4821,2739,10.616712482704674,Epidermal/Muscle-related,Nematocyte-related
4771,6471,-10.616210212206646,Nematocyte-related,Epidermal/Muscle-related
4760,5359,-10.615264207336121,Neural-related,Neural-related
4964,1364,10.615126842274531,Nematocyte-related,Nematocyte-related
4978,1877,-10.614981880177512,Nematocyte-related,Nematocyte-related
4381,5359,-10.614522037972371,Epidermal/Muscle-related,Neural-related
4868,5424,10.61152576608329,Nematocyte-related,Nematocyte-related
4964,693,10.611333813034197,Nematocyte-related,Epidermal/Muscle-related
4981,2133,-10.608367434909287,Nematocyte-related,Nematocyte-related
4886,6078,-10.608238324625257,Epidermal/Muscle-related,Epidermal/Muscle-related
4316,6017,-10.607162854747719,Nematocyte-related,Epidermal/Muscle-related
4707,5615,-10.605640470154093,Neural-related,Nematocyte-related
4928,4755,-10.605420217830071,Nematocyte-related,Nematocyte-related
4901,6078,10.604408419076782,Nematocyte-related,Epidermal/Muscle-related
4707,2307,-10.60191801309133,Neural-related,Neural-related
4771,1564,10.601722712933684,Nematocyte-related,Epidermal/Muscle-related
4928,3937,-10.601364336513704,Nematocyte-related,Nematocyte-related
4855,424,10.60126203255332,Nematocyte-related,Neural-related
4964,328,10.597131881716606,Nematocyte-related,Neural-related
4981,6381,10.596001105638292,Nematocyte-related,Epidermal/Muscle-related
4886,2840,-10.595931403312216,Epidermal/Muscle-related,Epidermal/Muscle-related
4981,3581,-10.594484084528048,Nematocyte-related,Nematocyte-related
4855,2583,-10.59407936616214,Nematocyte-related,Epidermal/Muscle-related
4771,2106,-10.593498132852654,Nematocyte-related,Epidermal/Muscle-related
4885,4334,10.592374795711445,Epidermal/Muscle-related,Nematocyte-related
4889,2182,10.590987979581989,Nematocyte-related,Epidermal/Muscle-related
4760,2910,-10.590320667321382,Neural-related,Epidermal/Muscle-related
4863,4048,10.589465486657737,Nematocyte-related,Neural-related
4981,470,10.588973367318891,Nematocyte-related,Neural-related
4771,6073,-10.587741113054097,Nematocyte-related,Epidermal/Muscle-related
4971,6360,-10.586418974772934,Nematocyte-related,Nematocyte-related
4901,2686,-10.58516409319986,Nematocyte-related,Epidermal/Muscle-related
4771,135,-10.583059504735072,Nematocyte-related,Neural-related
4951,150,10.582246850773632,Neural-related,Nematocyte-related
4991,6078,10.581684787756577,Neural-related,Epidermal/Muscle-related
4821,5597,-10.581584427234608,Epidermal/Muscle-related,Nematocyte-related
4909,2307,10.581347859630563,Nematocyte-related,Neural-related
4994,141,10.58104193244859,Neural-related,Nematocyte-related
4991,1525,-10.580949662261162,Neural-related,Epidermal/Muscle-related
4968,6902,10.580265827522176,Nematocyte-related,Neural-related
4821,1558,-10.578737074893986,Epidermal/Muscle-related,Epidermal/Muscle-related
4863,1686,-10.577739157593072,Nematocyte-related,Epidermal/Muscle-related
4771,1138,10.577631242961354,Nematocyte-related,Epidermal/Muscle-related
4925,6050,10.57710942517915,Epidermal/Muscle-related,Epidermal/Muscle-related
4981,5435,-10.576347585481175,Nematocyte-related,Neural-related
4981,5643,10.576290022262778,Nematocyte-related,Nematocyte-related
4972,3142,10.57615448535633,Nematocyte-related,Epidermal/Muscle-related
4889,3288,10.575668266757216,Nematocyte-related,Neural-related
4699,7035,10.57376451453215,Epidermal/Muscle-related,Epidermal/Muscle-related
4925,6223,10.571455163671404,Epidermal/Muscle-related,Epidermal/Muscle-related
4854,2824,10.56915079774106,Nematocyte-related,Nematocyte-related
4730,6608,-10.56867152710605,Neural-related,Epidermal/Muscle-related
4981,446,10.567563431055442,Nematocyte-related,Epidermal/Muscle-related
4968,2999,-10.566997758764913,Nematocyte-related,Epidermal/Muscle-related
4844,3006,10.566772195841143,Neural-related,Epidermal/Muscle-related
4760,5418,-10.56572414789612,Neural-related,Nematocyte-related
4886,6074,-10.561768149476217,Epidermal/Muscle-related,Epidermal/Muscle-related
4964,5563,-10.561574579200709,Nematocyte-related,Epidermal/Muscle-related
4855,6648,10.560658450537412,Nematocyte-related,Nematocyte-related
4798,5749,-10.56054024347047,Nematocyte-related,Epidermal/Muscle-related
4968,4229,-10.560308780554873,Nematocyte-related,Nematocyte-related
4869,3560,10.560075152886371,Epidermal/Muscle-related,Epidermal/Muscle-related
4732,1504,-10.5597931289349,Nematocyte-related,Epidermal/Muscle-related
4699,4006,10.558986577904813,Epidermal/Muscle-related,Neural-related
4981,4050,-10.558755846040725,Nematocyte-related,Epidermal/Muscle-related
4990,785,-10.558636081942105,Nematocyte-related,Epidermal/Muscle-related
4381,1877,-10.556864573940674,Epidermal/Muscle-related,Nematocyte-related
4952,3069,10.556770060374134,Epidermal/Muscle-related,Nematocyte-related
4990,5700,-10.555181428160253,Nematocyte-related,Nematocyte-related
4981,6979,10.553214438832013,Nematocyte-related,Epidermal/Muscle-related
4995,5457,10.552675307028304,Epidermal/Muscle-related,Nematocyte-related
4928,2077,-10.552474531729152,Nematocyte-related,Epidermal/Muscle-related
4968,2183,10.551949603869277,Nematocyte-related,Epidermal/Muscle-related
4981,358,10.55089023050737,Nematocyte-related,Neural-related
4655,5385,10.55033589074755,Nematocyte-related,Epidermal/Muscle-related
4615,3193,10.55031326096332,Neural-related,Neural-related
4981,4290,-10.550266015718249,Nematocyte-related,Nematocyte-related
4821,5656,10.550034212941426,Epidermal/Muscle-related,Nematocyte-related
4854,2302,10.549288183994356,Nematocyte-related,Nematocyte-related
4771,3158,10.547491693515521,Nematocyte-related,Neural-related
4771,1175,-10.5472880973009,Nematocyte-related,Nematocyte-related
